attack_detected,test_prediction,identique
1,1,1
0,0,1
1,1,1
1,1,1
0,0,1
0,0,1
1,1,1
1,1,1
0,0,1
0,1,0
1,1,1
0,0,1
1,1,1
1,1,1
1,1,1
1,1,1
0,0,1
1,1,1
0,0,1
0,0,1
0,0,1
0,0,1
1,1,1
0,0,1
1,1,1
1,1,1
1,1,1
0,0,1
1,0,0
0,0,1
1,1,1
0,0,1
0,0,1
0,0,1
0,0,1
0,0,1
1,1,1
0,0,1
0,0,1
0,0,1
1,1,1
1,1,1
1,1,1
1,1,1
0,0,1
0,0,1
0,0,1
1,1,1
0,0,1
1,1,1
0,0,1
0,0,1
1,1,1
1,1,1
0,0,1
1,1,1
0,0,1
0,0,1
0,0,1
0,0,1
1,1,1
0,0,1
1,1,1
1,0,0
1,1,1
0,0,1
0,0,1
1,1,1
0,0,1
1,1,1
0,0,1
0,0,1
0,0,1
1,1,1
1,1,1
0,0,1
0,0,1
1,1,1
1,1,1
1,1,1
1,1,1
0,0,1
1,1,1
1,1,1
1,1,1
1,1,1
1,1,1
0,0,1
0,0,1
0,0,1
0,0,1
1,1,1
1,1,1
0,0,1
0,0,1
0,0,1
1,1,1
1,1,1
0,0,1
0,0,1
0,0,1
0,0,1
0,0,1
0,0,1
1,1,1
0,0,1
1,1,1
0,0,1
0,0,1
1,1,1
1,1,1
0,0,1
0,0,1
0,0,1
1,1,1
1,1,1
0,0,1
0,0,1
1,1,1
1,1,1
1,1,1
1,1,1
1,1,1
0,0,1
1,1,1
0,0,1
0,0,1
1,1,1
0,0,1
0,0,1
1,1,1
1,1,1
1,1,1
0,0,1
0,0,1
1,1,1
0,0,1
0,0,1
0,0,1
0,0,1
0,0,1
1,1,1
1,1,1
1,1,1
1,1,1
0,0,1
1,1,1
1,1,1
0,0,1
1,1,1
0,0,1
1,1,1
1,1,1
1,1,1
0,0,1
1,1,1
1,1,1
0,0,1
0,0,1
1,1,1
0,0,1
1,1,1
0,0,1
0,0,1
0,0,1
1,1,1
0,0,1
0,0,1
1,1,1
0,0,1
1,1,1
0,0,1
0,0,1
0,0,1
0,0,1
0,0,1
0,0,1
1,1,1
0,0,1
0,0,1
1,1,1
0,0,1
0,0,1
1,1,1
1,1,1
1,1,1
1,1,1
1,1,1
1,1,1
0,0,1
0,0,1
1,1,1
1,1,1
1,1,1
1,1,1
1,1,1
0,0,1
1,1,1
1,1,1
0,0,1
1,1,1
1,1,1
1,1,1
0,0,1
0,0,1
0,0,1
0,0,1
1,1,1
0,0,1
1,1,1
0,0,1
0,0,1
0,0,1
1,1,1
1,1,1
0,0,1
0,0,1
1,1,1
1,1,1
1,1,1
0,0,1
1,1,1
0,0,1
1,1,1
0,0,1
0,0,1
0,0,1
0,0,1
0,0,1
0,0,1
0,0,1
0,0,1
1,1,1
0,0,1
1,1,1
0,0,1
0,0,1
0,0,1
0,0,1
1,1,1
0,0,1
0,0,1
1,1,1
0,0,1
0,0,1
1,1,1
1,1,1
1,0,0
1,1,1
1,1,1
0,0,1
1,1,1
0,0,1
0,0,1
1,1,1
1,1,1
0,0,1
1,1,1
1,1,1
0,0,1
1,1,1
0,0,1
0,0,1
0,0,1
0,0,1
1,1,1
1,1,1
1,1,1
0,0,1
0,0,1
1,1,1
0,0,1
1,1,1
1,0,0
0,0,1
0,0,1
0,0,1
1,1,1
0,0,1
1,1,1
1,1,1
0,0,1
1,1,1
0,0,1
0,0,1
1,1,1
0,0,1
0,0,1
0,0,1
1,0,0
0,0,1
1,1,1
0,0,1
0,0,1
0,0,1
1,1,1
0,0,1
0,0,1
0,0,1
1,1,1
0,0,1
1,1,1
1,1,1
0,0,1
0,0,1
1,1,1
1,1,1
1,1,1
1,1,1
1,1,1
1,1,1
0,0,1
0,0,1
1,1,1
1,1,1
1,1,1
0,0,1
0,0,1
0,0,1
1,1,1
0,0,1
0,0,1
0,0,1
0,0,1
0,0,1
0,0,1
1,1,1
1,1,1
0,0,1
0,0,1
0,0,1
1,1,1
1,1,1
0,0,1
1,1,1
0,0,1
1,1,1
0,0,1
1,1,1
1,1,1
0,0,1
0,0,1
0,0,1
1,1,1
0,0,1
1,1,1
0,0,1
0,0,1
1,1,1
0,0,1
1,0,0
1,1,1
1,1,1
0,0,1
0,0,1
0,0,1
0,0,1
0,0,1
0,0,1
0,0,1
0,0,1
0,0,1
0,0,1
0,0,1
1,1,1
1,1,1
0,0,1
1,1,1
1,1,1
1,1,1
1,0,0
1,1,1
0,0,1
1,1,1
0,0,1
1,1,1
0,0,1
0,0,1
1,1,1
1,1,1
0,0,1
1,1,1
0,0,1
1,1,1
1,1,1
1,1,1
0,0,1
1,1,1
0,0,1
1,1,1
1,1,1
1,1,1
0,0,1
0,0,1
1,0,0
1,1,1
0,0,1
1,1,1
0,0,1
1,1,1
0,0,1
0,0,1
0,0,1
1,1,1
0,0,1
1,1,1
0,0,1
0,0,1
0,0,1
0,0,1
0,0,1
0,0,1
0,0,1
0,0,1
0,0,1
0,0,1
0,0,1
0,0,1
0,0,1
0,0,1
0,0,1
0,0,1
1,1,1
0,0,1
0,0,1
1,1,1
1,1,1
0,0,1
1,1,1
0,0,1
0,0,1
0,0,1
1,1,1
0,0,1
1,1,1
0,0,1
0,0,1
1,1,1
1,1,1
1,1,1
0,0,1
1,1,1
0,0,1
0,0,1
1,1,1
1,1,1
0,0,1
1,1,1
0,0,1
0,0,1
0,0,1
0,0,1
1,1,1
1,1,1
0,0,1
1,1,1
0,0,1
1,1,1
0,0,1
1,1,1
0,0,1
1,1,1
1,1,1
1,1,1
1,1,1
1,1,1
1,1,1
1,1,1
1,1,1
1,1,1
0,0,1
0,0,1
1,1,1
1,1,1
1,1,1
1,1,1
0,0,1
0,0,1
1,1,1
1,1,1
1,0,0
1,1,1
0,0,1
1,1,1
0,0,1
0,0,1
0,0,1
0,0,1
0,0,1
0,0,1
0,0,1
0,0,1
1,1,1
0,0,1
0,0,1
0,0,1
1,1,1
0,0,1
0,0,1
1,1,1
0,0,1
0,0,1
1,1,1
1,1,1
1,1,1
1,1,1
1,1,1
0,0,1
0,0,1
0,0,1
1,1,1
1,1,1
0,0,1
1,1,1
0,0,1
1,1,1
1,1,1
1,1,1
0,0,1
0,0,1
0,0,1
0,0,1
0,0,1
0,0,1
1,1,1
0,0,1
0,0,1
0,0,1
1,1,1
0,0,1
0,0,1
1,1,1
0,0,1
1,1,1
0,0,1
0,0,1
1,1,1
0,0,1
0,0,1
0,0,1
0,0,1
0,0,1
0,0,1
1,1,1
0,0,1
0,0,1
0,0,1
1,1,1
0,0,1
1,1,1
0,0,1
1,1,1
0,0,1
0,0,1
0,0,1
1,1,1
0,0,1
1,1,1
1,1,1
0,0,1
0,0,1
1,1,1
0,0,1
1,1,1
0,0,1
0,0,1
0,0,1
1,1,1
0,0,1
1,1,1
1,1,1
1,1,1
0,0,1
1,1,1
0,0,1
0,0,1
1,1,1
1,1,1
0,0,1
1,1,1
1,1,1
0,0,1
1,1,1
1,1,1
0,0,1
1,1,1
0,0,1
0,0,1
0,0,1
1,1,1
0,0,1
0,0,1
0,0,1
0,0,1
1,1,1
1,1,1
0,0,1
0,0,1
0,0,1
0,0,1
1,1,1
0,0,1
1,1,1
1,1,1
0,0,1
0,0,1
0,0,1
1,1,1
0,0,1
1,1,1
0,0,1
1,1,1
1,1,1
1,1,1
0,0,1
0,0,1
0,0,1
0,0,1
1,0,0
0,0,1
1,1,1
0,0,1
0,0,1
0,0,1
0,0,1
0,0,1
0,0,1
0,0,1
0,0,1
0,0,1
0,0,1
1,1,1
0,0,1
0,0,1
1,1,1
0,0,1
1,1,1
0,0,1
0,0,1
0,0,1
0,0,1
1,1,1
0,0,1
1,1,1
1,1,1
1,1,1
0,0,1
0,0,1
0,0,1
1,1,1
0,0,1
0,0,1
0,0,1
0,0,1
0,0,1
1,1,1
0,0,1
1,1,1
0,0,1
0,0,1
1,1,1
1,1,1
1,1,1
0,0,1
1,1,1
1,1,1
1,1,1
0,0,1
0,0,1
1,1,1
0,0,1
1,1,1
0,0,1
1,0,0
1,1,1
1,1,1
1,1,1
0,0,1
0,0,1
0,0,1
0,0,1
1,1,1
1,1,1
1,1,1
1,1,1
0,0,1
0,0,1
0,0,1
0,0,1
1,1,1
0,0,1
1,1,1
0,0,1
1,1,1
0,0,1
0,0,1
0,0,1
1,1,1
1,1,1
1,1,1
1,1,1
1,1,1
0,0,1
0,0,1
0,0,1
0,0,1
1,1,1
0,0,1
1,1,1
0,0,1
1,1,1
0,0,1
0,0,1
0,0,1
0,0,1
0,0,1
1,1,1
0,0,1
1,1,1
0,0,1
1,1,1
1,1,1
0,0,1
0,0,1
1,1,1
0,0,1
0,0,1
1,1,1
1,1,1
1,1,1
1,1,1
0,0,1
1,1,1
0,0,1
0,0,1
0,0,1
0,0,1
0,0,1
0,0,1
0,0,1
0,0,1
0,0,1
1,1,1
0,0,1
0,0,1
1,1,1
0,0,1
1,1,1
0,0,1
0,0,1
1,1,1
1,1,1
0,0,1
0,0,1
0,0,1
0,0,1
0,0,1
0,0,1
1,1,1
1,1,1
0,0,1
0,0,1
0,0,1
0,0,1
1,1,1
1,1,1
1,1,1
0,0,1
0,0,1
1,1,1
0,0,1
0,0,1
0,0,1
0,0,1
0,0,1
0,0,1
1,1,1
1,1,1
1,1,1
0,0,1
0,0,1
0,0,1
0,0,1
0,0,1
0,0,1
1,0,0
1,1,1
0,0,1
0,0,1
1,1,1
0,0,1
0,0,1
1,1,1
0,0,1
0,0,1
0,0,1
1,1,1
0,0,1
0,0,1
0,0,1
0,0,1
1,1,1
0,0,1
0,0,1
0,0,1
0,0,1
0,0,1
1,1,1
0,0,1
0,0,1
1,1,1
1,1,1
0,0,1
1,1,1
0,0,1
0,0,1
1,1,1
0,0,1
1,1,1
0,0,1
0,0,1
0,0,1
1,1,1
1,1,1
0,0,1
0,0,1
1,1,1
1,1,1
0,0,1
1,1,1
0,0,1
0,0,1
1,1,1
1,1,1
0,0,1
0,0,1
0,0,1
0,0,1
0,0,1
0,0,1
0,0,1
0,0,1
1,1,1
1,1,1
1,1,1
1,1,1
0,0,1
1,1,1
1,1,1
0,0,1
0,0,1
0,0,1
0,0,1
0,0,1
0,0,1
1,1,1
1,1,1
0,0,1
0,0,1
0,0,1
0,0,1
0,0,1
1,1,1
0,0,1
1,1,1
1,1,1
0,0,1
1,1,1
0,0,1
0,0,1
1,1,1
1,1,1
0,0,1
0,0,1
1,1,1
1,1,1
1,1,1
0,0,1
1,1,1
0,0,1
0,0,1
1,1,1
0,0,1
0,0,1
1,1,1
1,1,1
1,1,1
0,0,1
0,0,1
0,0,1
0,0,1
0,0,1
0,0,1
1,1,1
1,1,1
0,0,1
1,0,0
1,1,1
1,1,1
0,0,1
0,0,1
1,1,1
0,0,1
0,0,1
0,0,1
1,1,1
0,0,1
0,0,1
1,1,1
1,1,1
0,0,1
0,0,1
1,1,1
0,0,1
0,0,1
1,1,1
0,0,1
1,1,1
0,0,1
0,0,1
1,1,1
0,0,1
1,1,1
0,0,1
1,1,1
0,0,1
0,0,1
1,1,1
0,0,1
0,0,1
0,0,1
0,0,1
1,1,1
0,0,1
0,0,1
0,0,1
0,0,1
0,0,1
1,1,1
1,1,1
0,0,1
1,1,1
0,0,1
1,1,1
0,0,1
0,0,1
1,1,1
0,0,1
1,1,1
1,1,1
1,1,1
1,1,1
1,1,1
1,1,1
1,1,1
0,0,1
0,0,1
1,1,1
1,1,1
1,1,1
0,0,1
0,0,1
1,1,1
0,0,1
0,0,1
1,1,1
0,0,1
1,1,1
0,0,1
0,0,1
1,1,1
1,1,1
0,0,1
1,1,1
0,0,1
0,0,1
1,1,1
1,1,1
0,0,1
0,0,1
0,0,1
0,0,1
0,0,1
0,0,1
1,1,1
0,0,1
0,0,1
0,0,1
0,0,1
0,0,1
0,0,1
1,1,1
0,0,1
0,0,1
1,1,1
1,1,1
0,0,1
1,1,1
1,1,1
0,0,1
1,1,1
1,1,1
0,0,1
0,0,1
1,1,1
0,0,1
0,0,1
0,0,1
1,0,0
1,1,1
0,0,1
1,1,1
0,0,1
0,0,1
0,0,1
0,0,1
0,0,1
0,0,1
0,0,1
0,0,1
1,1,1
0,0,1
0,0,1
0,0,1
1,1,1
1,1,1
0,0,1
0,0,1
1,1,1
1,1,1
1,1,1
0,0,1
0,0,1
0,0,1
1,1,1
0,0,1
1,1,1
0,0,1
0,0,1
0,0,1
1,1,1
1,1,1
0,0,1
1,1,1
1,1,1
1,1,1
0,0,1
0,0,1
0,0,1
0,0,1
0,0,1
1,1,1
1,1,1
1,1,1
1,1,1
1,1,1
0,0,1
0,0,1
0,0,1
0,0,1
0,0,1
1,1,1
0,0,1
1,0,0
0,0,1
0,0,1
0,0,1
0,0,1
0,0,1
0,0,1
0,0,1
0,0,1
1,1,1
0,0,1
0,0,1
0,0,1
0,0,1
1,1,1
0,0,1
1,1,1
0,0,1
1,1,1
0,0,1
0,0,1
0,0,1
1,1,1
0,0,1
1,1,1
1,1,1
1,1,1
1,1,1
0,0,1
1,1,1
1,1,1
1,1,1
0,0,1
0,0,1
1,1,1
0,0,1
0,0,1
0,0,1
0,0,1
1,1,1
1,1,1
0,0,1
1,1,1
0,0,1
0,0,1
1,1,1
1,0,0
0,0,1
1,1,1
1,1,1
0,0,1
0,0,1
1,1,1
1,1,1
0,0,1
0,0,1
0,0,1
0,0,1
1,0,0
0,0,1
1,1,1
1,1,1
0,0,1
0,0,1
1,1,1
0,0,1
0,0,1
0,0,1
1,0,0
1,1,1
0,0,1
1,1,1
0,0,1
1,1,1
1,1,1
0,0,1
0,0,1
0,0,1
0,0,1
1,1,1
1,1,1
0,0,1
0,0,1
1,1,1
0,0,1
1,1,1
1,1,1
1,1,1
0,0,1
0,0,1
0,0,1
0,0,1
0,0,1
1,1,1
0,0,1
1,1,1
1,1,1
1,1,1
1,1,1
1,1,1
0,0,1
1,1,1
0,0,1
0,0,1
0,0,1
0,0,1
1,1,1
0,0,1
0,0,1
0,0,1
0,0,1
1,1,1
0,0,1
0,0,1
0,0,1
0,0,1
0,0,1
0,0,1
1,1,1
0,0,1
0,0,1
0,0,1
0,0,1
1,1,1
1,1,1
1,1,1
1,1,1
0,0,1
0,0,1
0,0,1
1,1,1
0,0,1
1,1,1
0,0,1
0,0,1
1,1,1
0,0,1
0,0,1
0,0,1
1,1,1
0,0,1
0,0,1
1,1,1
1,1,1
0,0,1
1,1,1
0,0,1
0,0,1
1,1,1
0,0,1
0,0,1
1,1,1
0,0,1
0,0,1
1,1,1
0,0,1
0,0,1
0,0,1
0,0,1
1,1,1
1,1,1
1,1,1
0,0,1
1,1,1
0,0,1
1,1,1
0,0,1
1,1,1
1,1,1
0,0,1
1,0,0
0,0,1
1,1,1
0,0,1
0,0,1
1,1,1
1,1,1
0,0,1
0,0,1
0,0,1
0,0,1
1,1,1
0,0,1
0,0,1
1,1,1
1,1,1
1,1,1
0,0,1
0,0,1
1,1,1
1,1,1
1,1,1
0,0,1
0,0,1
0,0,1
0,0,1
1,1,1
1,1,1
0,0,1
0,0,1
1,1,1
0,0,1
0,0,1
0,0,1
1,1,1
0,0,1
1,1,1
0,0,1
0,0,1
1,1,1
0,0,1
1,1,1
0,0,1
1,1,1
0,0,1
1,1,1
1,1,1
0,0,1
1,1,1
1,1,1
0,0,1
1,1,1
1,1,1
1,1,1
0,0,1
1,1,1
0,0,1
1,1,1
1,1,1
0,0,1
0,0,1
1,1,1
1,1,1
0,0,1
0,0,1
0,0,1
1,1,1
0,0,1
0,0,1
1,1,1
0,0,1
1,1,1
0,0,1
0,0,1
1,1,1
0,0,1
0,0,1
1,1,1
0,0,1
1,1,1
0,0,1
1,0,0
0,0,1
0,0,1
1,1,1
0,0,1
0,0,1
1,1,1
1,1,1
1,1,1
0,0,1
0,0,1
0,0,1
0,0,1
0,0,1
0,0,1
0,0,1
1,1,1
1,1,1
1,1,1
0,0,1
0,0,1
0,0,1
1,1,1
0,0,1
0,0,1
0,0,1
1,1,1
0,0,1
0,0,1
0,0,1
1,1,1
0,0,1
0,0,1
0,0,1
0,0,1
1,1,1
0,0,1
1,1,1
0,0,1
1,1,1
1,1,1
0,0,1
1,1,1
0,0,1
0,0,1
0,0,1
0,0,1
1,0,0
0,0,1
0,0,1
0,0,1
1,1,1
0,0,1
0,0,1
1,1,1
1,0,0
0,0,1
1,1,1
1,1,1
1,1,1
0,0,1
0,0,1
0,0,1
1,1,1
1,1,1
0,0,1
1,1,1
0,0,1
0,0,1
0,0,1
0,0,1
1,1,1
0,0,1
1,1,1
1,1,1
1,1,1
1,1,1
1,0,0
1,1,1
0,0,1
1,1,1
0,0,1
1,1,1
1,1,1
0,0,1
1,1,1
1,1,1
0,0,1
0,0,1
0,0,1
0,0,1
0,0,1
1,1,1
0,0,1
0,0,1
0,0,1
0,0,1
1,1,1
0,0,1
1,0,0
0,0,1
0,0,1
0,0,1
0,0,1
0,0,1
1,1,1
1,1,1
1,1,1
1,1,1
0,0,1
1,1,1
0,0,1
0,0,1
0,0,1
0,0,1
0,0,1
1,1,1
1,1,1
0,0,1
0,0,1
0,0,1
0,0,1
0,0,1
1,1,1
1,1,1
1,1,1
0,0,1
1,0,0
1,1,1
1,1,1
0,0,1
0,0,1
0,0,1
0,0,1
0,0,1
1,1,1
0,0,1
0,0,1
1,1,1
0,0,1
0,0,1
0,0,1
0,0,1
1,1,1
1,1,1
0,0,1
1,1,1
0,0,1
1,1,1
0,0,1
1,1,1
1,1,1
1,1,1
1,1,1
0,0,1
0,0,1
0,0,1
0,0,1
0,0,1
1,1,1
0,0,1
1,1,1
1,1,1
0,0,1
0,0,1
1,1,1
0,0,1
0,0,1
1,1,1
0,0,1
0,0,1
0,0,1
0,0,1
0,0,1
0,0,1
0,0,1
0,0,1
0,0,1
0,0,1
0,0,1
1,0,0
0,0,1
0,0,1
1,1,1
0,0,1
0,0,1
0,0,1
0,0,1
0,0,1
1,1,1
1,1,1
1,1,1
0,0,1
0,0,1
1,1,1
0,0,1
1,1,1
1,1,1
1,1,1
0,0,1
1,1,1
0,0,1
1,1,1
1,1,1
0,0,1
1,1,1
0,0,1
0,0,1
0,0,1
0,0,1
0,0,1
1,1,1
0,0,1
0,0,1
0,0,1
1,1,1
0,0,1
0,0,1
0,0,1
0,0,1
1,1,1
1,1,1
1,1,1
1,1,1
1,1,1
0,0,1
1,1,1
0,0,1
1,1,1
1,1,1
0,0,1
0,0,1
1,1,1
0,0,1
1,1,1
1,1,1
0,0,1
0,0,1
1,1,1
0,0,1
0,0,1
0,0,1
1,1,1
0,0,1
0,0,1
1,1,1
1,1,1
1,0,0
1,1,1
0,0,1
0,0,1
1,1,1
1,1,1
0,0,1
0,0,1
0,0,1
1,1,1
1,1,1
0,0,1
0,0,1
0,0,1
0,0,1
1,1,1
0,0,1
0,0,1
0,0,1
0,0,1
1,1,1
0,0,1
0,0,1
0,0,1
0,0,1
0,0,1
0,0,1
0,0,1
0,0,1
1,1,1
0,0,1
0,0,1
1,1,1
0,0,1
1,1,1
0,0,1
0,0,1
0,0,1
0,0,1
1,1,1
1,1,1
0,0,1
0,0,1
0,0,1
0,0,1
0,0,1
0,0,1
0,0,1
0,0,1
0,0,1
0,0,1
0,0,1
0,0,1
1,1,1
0,0,1
0,0,1
0,0,1
0,0,1
0,0,1
0,0,1
0,0,1
1,1,1
0,0,1
0,0,1
0,0,1
1,1,1
0,0,1
1,0,0
0,0,1
1,1,1
0,0,1
0,0,1
1,1,1
1,1,1
0,0,1
1,1,1
1,1,1
0,0,1
1,1,1
1,1,1
0,0,1
1,1,1
0,0,1
0,0,1
0,0,1
1,1,1
1,1,1
1,1,1
0,0,1
1,1,1
0,0,1
0,0,1
0,0,1
0,0,1
1,1,1
0,0,1
0,0,1
0,0,1
0,0,1
1,1,1
0,0,1
0,0,1
0,0,1
0,0,1
0,0,1
0,0,1
0,0,1
1,1,1
0,0,1
0,0,1
0,0,1
0,0,1
1,1,1
0,0,1
0,0,1
0,0,1
0,0,1
1,1,1
0,0,1
0,0,1
0,0,1
0,0,1
0,0,1
1,1,1
0,0,1
0,0,1
1,1,1
1,1,1
0,0,1
1,1,1
0,0,1
0,0,1
1,1,1
1,1,1
0,0,1
0,0,1
0,0,1
0,0,1
0,0,1
0,0,1
1,1,1
0,0,1
1,1,1
0,0,1
1,1,1
0,0,1
1,1,1
0,0,1
0,0,1
1,1,1
0,0,1
0,0,1
0,0,1
0,0,1
1,1,1
0,0,1
1,1,1
0,0,1
1,1,1
0,0,1
0,0,1
0,0,1
0,0,1
0,0,1
0,0,1
0,0,1
0,0,1
1,1,1
1,1,1
1,1,1
0,0,1
0,0,1
0,0,1
0,0,1
1,1,1
0,0,1
1,1,1
0,0,1
1,1,1
0,0,1
1,1,1
0,0,1
1,1,1
1,1,1
1,1,1
1,1,1
1,1,1
0,0,1
0,0,1
1,1,1
0,0,1
1,1,1
0,0,1
0,0,1
0,0,1
1,1,1
0,0,1
1,1,1
1,1,1
0,0,1
0,0,1
0,0,1
1,1,1
0,0,1
1,1,1
1,1,1
0,0,1
0,0,1
1,1,1
0,0,1
0,0,1
1,1,1
0,0,1
1,1,1
1,1,1
0,0,1
0,0,1
1,1,1
0,0,1
0,0,1
0,0,1
1,1,1
0,0,1
1,1,1
0,0,1
1,1,1
0,0,1
0,0,1
0,0,1
0,0,1
1,1,1
1,1,1
1,1,1
0,0,1
1,1,1
0,0,1
0,0,1
0,0,1
1,1,1
1,1,1
1,1,1
0,0,1
1,1,1
1,1,1
0,0,1
0,0,1
0,0,1
1,1,1
0,0,1
0,0,1
0,0,1
0,0,1
0,0,1
0,0,1
1,1,1
1,1,1
1,1,1
0,0,1
1,1,1
1,1,1
0,0,1
1,1,1
0,0,1
1,1,1
1,1,1
1,1,1
0,0,1
1,1,1
0,0,1
0,0,1
0,0,1
0,0,1
0,0,1
1,0,0
0,0,1
1,1,1
1,1,1
0,0,1
0,0,1
0,0,1
1,1,1
0,0,1
0,0,1
0,0,1
1,0,0
0,0,1
0,0,1
0,0,1
1,1,1
1,1,1
0,0,1
1,0,0
0,0,1
0,0,1
1,1,1
0,0,1
0,0,1
1,1,1
0,0,1
0,0,1
0,0,1
0,0,1
0,0,1
0,0,1
1,1,1
0,0,1
0,0,1
0,0,1
0,0,1
1,1,1
0,0,1
0,0,1
0,0,1
0,0,1
0,0,1
1,1,1
1,1,1
0,0,1
0,0,1
1,1,1
0,0,1
0,0,1
0,0,1
0,0,1
0,0,1
0,0,1
0,0,1
0,0,1
1,1,1
1,1,1
1,1,1
1,1,1
0,0,1
0,0,1
1,1,1
0,0,1
0,0,1
1,1,1
0,0,1
0,0,1
0,0,1
0,0,1
1,1,1
0,0,1
1,1,1
0,0,1
0,0,1
0,0,1
1,1,1
0,0,1
0,0,1
1,1,1
0,0,1
0,0,1
0,0,1
1,1,1
0,0,1
1,1,1
1,1,1
1,1,1
1,1,1
0,0,1
1,0,0
1,1,1
1,1,1
1,1,1
0,0,1
0,0,1
1,0,0
1,1,1
0,0,1
0,0,1
1,1,1
0,0,1
1,1,1
1,1,1
1,1,1
1,1,1
0,0,1
1,1,1
0,0,1
0,0,1
0,0,1
1,1,1
0,0,1
1,1,1
0,0,1
1,1,1
0,0,1
0,0,1
0,0,1
1,1,1
1,1,1
0,0,1
1,1,1
0,0,1
1,1,1
1,1,1
1,1,1
0,0,1
0,0,1
0,0,1
1,1,1
1,1,1
0,0,1
0,0,1
0,0,1
1,1,1
1,0,0
0,0,1
0,0,1
1,1,1
0,0,1
1,1,1
0,0,1
0,0,1
1,1,1
0,0,1
1,1,1
0,0,1
0,0,1
1,1,1
0,0,1
1,1,1
0,0,1
0,0,1
0,0,1
1,1,1
0,0,1
0,0,1
0,0,1
0,0,1
1,1,1
0,0,1
0,0,1
0,0,1
1,1,1
1,1,1
1,1,1
0,0,1
1,1,1
1,1,1
1,1,1
0,0,1
1,1,1
1,1,1
1,1,1
0,0,1
1,1,1
0,0,1
0,0,1
1,1,1
0,0,1
0,0,1
0,0,1
1,1,1
0,0,1
1,1,1
0,0,1
1,1,1
0,0,1
0,0,1
1,1,1
0,0,1
0,0,1
1,1,1
0,0,1
0,0,1
1,1,1
0,0,1
1,1,1
1,1,1
0,0,1
0,0,1
0,0,1
1,1,1
0,0,1
0,0,1
0,0,1
1,1,1
0,0,1
0,0,1
0,0,1
1,1,1
0,0,1
1,1,1
0,0,1
0,0,1
0,0,1
1,1,1
1,1,1
0,0,1
1,1,1
1,1,1
0,0,1
0,0,1
0,0,1
0,0,1
1,0,0
0,0,1
0,0,1
0,0,1
0,0,1
1,0,0
1,1,1
1,1,1
0,0,1
0,0,1
1,1,1
1,1,1
0,0,1
0,0,1
0,0,1
1,1,1
0,0,1
0,0,1
0,0,1
0,0,1
0,0,1
1,1,1
1,1,1
0,0,1
0,0,1
0,0,1
0,0,1
0,0,1
0,0,1
1,1,1
0,0,1
0,0,1
0,0,1
1,1,1
1,1,1
0,0,1
1,1,1
0,0,1
1,1,1
1,1,1
0,0,1
0,0,1
0,0,1
1,1,1
0,0,1
1,1,1
0,0,1
1,1,1
0,0,1
0,0,1
0,0,1
1,1,1
0,0,1
0,0,1
1,1,1
0,0,1
0,0,1
0,0,1
1,1,1
0,0,1
0,0,1
1,1,1
1,1,1
1,1,1
0,0,1
0,0,1
1,1,1
1,1,1
1,1,1
0,0,1
0,0,1
0,0,1
1,0,0
0,0,1
0,0,1
0,0,1
0,0,1
0,0,1
1,0,0
1,1,1
0,0,1
0,0,1
0,0,1
0,0,1
0,0,1
1,1,1
0,0,1
1,0,0
0,0,1
0,0,1
1,1,1
0,0,1
0,0,1
0,0,1
0,0,1
1,1,1
1,1,1
1,1,1
0,0,1
0,0,1
0,0,1
0,0,1
0,0,1
1,1,1
0,0,1
1,1,1
1,1,1
0,0,1
1,1,1
1,1,1
0,0,1
0,0,1
1,1,1
0,0,1
0,0,1
1,1,1
0,0,1
0,0,1
0,0,1
1,1,1
1,1,1
1,0,0
0,0,1
1,1,1
0,0,1
1,0,0
0,0,1
0,0,1
1,1,1
0,0,1
1,1,1
0,0,1
0,0,1
0,0,1
0,0,1
1,1,1
0,0,1
0,0,1
0,0,1
1,1,1
0,0,1
0,0,1
1,1,1
1,1,1
1,1,1
0,0,1
0,0,1
1,1,1
0,0,1
0,0,1
0,0,1
1,1,1
0,0,1
0,0,1
1,1,1
1,1,1
1,1,1
0,0,1
0,0,1
1,1,1
1,1,1
1,1,1
0,0,1
0,0,1
1,0,0
0,0,1
1,1,1
1,1,1
1,1,1
1,1,1
0,0,1
0,0,1
1,1,1
1,1,1
0,0,1
1,1,1
1,1,1
0,0,1
1,1,1
1,1,1
1,1,1
0,0,1
1,1,1
0,0,1
0,0,1
1,1,1
1,1,1
1,1,1
0,0,1
1,1,1
1,1,1
1,1,1
0,0,1
0,0,1
1,1,1
0,0,1
0,0,1
1,1,1
0,0,1
0,0,1
0,0,1
0,0,1
0,0,1
1,1,1
1,1,1
1,1,1
0,0,1
0,0,1
0,0,1
0,0,1
1,1,1
0,0,1
0,0,1
1,1,1
0,0,1
1,1,1
1,1,1
1,1,1
0,0,1
0,0,1
0,0,1
0,0,1
1,1,1
1,1,1
0,0,1
0,0,1
0,0,1
1,1,1
1,1,1
1,1,1
0,0,1
1,1,1
1,1,1
1,1,1
0,0,1
0,0,1
1,1,1
0,0,1
0,0,1
0,0,1
1,1,1
0,0,1
0,0,1
0,0,1
1,1,1
0,0,1
0,0,1
1,1,1
0,0,1
1,0,0
0,0,1
0,0,1
0,0,1
0,0,1
0,0,1
0,0,1
0,0,1
1,1,1
1,0,0
1,1,1
1,1,1
0,0,1
0,0,1
0,0,1
0,0,1
0,0,1
0,0,1
0,0,1
1,1,1
0,0,1
0,0,1
0,0,1
0,0,1
1,1,1
1,1,1
0,0,1
0,0,1
1,1,1
1,1,1
1,1,1
0,0,1
1,0,0
0,0,1
1,1,1
0,0,1
1,1,1
1,1,1
0,0,1
0,0,1
1,1,1
0,0,1
1,1,1
0,0,1
0,0,1
0,0,1
1,1,1
0,0,1
0,0,1
0,0,1
0,0,1
0,0,1
1,1,1
0,0,1
1,1,1
0,0,1
1,1,1
0,0,1
0,0,1
1,1,1
1,1,1
0,0,1
0,0,1
1,1,1
1,1,1
0,0,1
0,0,1
1,1,1
0,0,1
1,1,1
0,0,1
1,1,1
0,0,1
0,0,1
0,0,1
0,0,1
1,1,1
1,1,1
0,0,1
0,0,1
0,0,1
0,0,1
1,1,1
1,0,0
0,0,1
1,1,1
1,1,1
0,0,1
1,1,1
1,1,1
0,0,1
1,1,1
0,0,1
1,1,1
1,1,1
1,1,1
1,1,1
1,1,1
0,0,1
1,1,1
0,0,1
0,0,1
1,1,1
0,0,1
0,0,1
1,1,1
0,0,1
0,0,1
0,0,1
0,0,1
1,1,1
0,0,1
0,0,1
0,0,1
1,1,1
0,0,1
1,1,1
0,0,1
1,1,1
0,0,1
1,1,1
0,0,1
0,0,1
1,1,1
1,1,1
1,1,1
0,0,1
0,0,1
1,1,1
1,1,1
1,1,1
0,0,1
0,0,1
1,0,0
1,1,1
0,0,1
1,1,1
0,0,1
0,0,1
1,1,1
1,1,1
0,0,1
1,1,1
1,1,1
1,1,1
1,1,1
0,0,1
1,1,1
0,0,1
0,0,1
1,1,1
0,0,1
0,0,1
1,1,1
0,0,1
0,0,1
0,0,1
0,0,1
0,0,1
0,0,1
0,0,1
1,0,0
0,0,1
1,1,1
1,1,1
0,0,1
0,0,1
1,1,1
0,0,1
0,0,1
1,1,1
0,0,1
1,1,1
1,1,1
0,0,1
0,0,1
0,0,1
1,1,1
0,0,1
1,1,1
0,0,1
1,1,1
0,0,1
1,1,1
0,0,1
1,1,1
0,0,1
0,0,1
0,0,1
0,0,1
0,0,1
0,0,1
0,0,1
0,0,1
0,0,1
1,1,1
0,0,1
0,0,1
1,1,1
0,0,1
1,1,1
0,0,1
1,1,1
1,1,1
0,0,1
0,0,1
0,0,1
0,0,1
1,1,1
1,1,1
0,0,1
0,0,1
0,0,1
0,0,1
0,0,1
0,0,1
1,1,1
0,0,1
0,0,1
0,0,1
1,1,1
0,0,1
0,0,1
1,1,1
1,1,1
0,0,1
1,1,1
0,0,1
0,0,1
0,0,1
1,1,1
1,1,1
1,1,1
0,0,1
0,0,1
0,0,1
1,1,1
1,1,1
1,1,1
0,0,1
0,0,1
1,1,1
0,0,1
1,1,1
1,1,1
0,0,1
1,1,1
1,1,1
1,1,1
0,0,1
0,0,1
0,0,1
1,1,1
0,0,1
1,1,1
0,0,1
1,1,1
0,0,1
1,1,1
0,0,1
1,1,1
0,0,1
1,1,1
0,0,1
1,1,1
0,0,1
0,0,1
1,1,1
1,1,1
0,0,1
1,1,1
0,0,1
0,0,1
1,1,1
0,0,1
0,0,1
0,0,1
0,0,1
0,0,1
0,0,1
0,0,1
0,0,1
1,1,1
0,0,1
0,0,1
1,1,1
1,1,1
0,0,1
0,0,1
1,1,1
1,1,1
0,0,1
0,0,1
1,1,1
0,0,1
0,0,1
0,0,1
1,1,1
1,1,1
0,0,1
1,1,1
0,0,1
1,1,1
1,1,1
1,1,1
1,1,1
1,1,1
1,1,1
0,0,1
0,0,1
0,0,1
1,1,1
0,0,1
0,0,1
0,0,1
0,0,1
1,1,1
1,1,1
0,0,1
1,1,1
1,1,1
0,0,1
0,0,1
0,0,1
1,1,1
1,0,0
1,1,1
1,1,1
0,0,1
0,0,1
1,1,1
0,0,1
1,1,1
0,0,1
0,0,1
0,0,1
0,0,1
0,0,1
0,0,1
1,0,0
0,0,1
1,1,1
1,1,1
1,1,1
1,0,0
1,1,1
1,1,1
1,1,1
1,1,1
0,0,1
0,0,1
0,0,1
0,0,1
0,0,1
1,1,1
0,0,1
0,0,1
0,0,1
1,1,1
1,1,1
1,1,1
1,1,1
0,0,1
0,0,1
0,0,1
1,1,1
0,0,1
0,0,1
0,0,1
0,0,1
1,1,1
0,0,1
1,1,1
1,1,1
1,1,1
0,0,1
1,1,1
0,0,1
1,1,1
1,1,1
0,0,1
0,0,1
1,1,1
0,0,1
0,0,1
1,1,1
1,1,1
0,0,1
1,1,1
0,0,1
0,0,1
0,0,1
1,1,1
0,0,1
1,1,1
0,0,1
1,1,1
1,1,1
0,0,1
0,0,1
0,0,1
1,1,1
0,0,1
1,1,1
0,0,1
0,0,1
0,0,1
1,1,1
0,0,1
0,0,1
1,1,1
1,1,1
0,0,1
0,0,1
0,0,1
0,0,1
0,0,1
1,1,1
1,1,1
1,1,1
1,1,1
1,1,1
0,0,1
0,0,1
1,1,1
1,1,1
0,0,1
0,0,1
1,1,1
0,0,1
1,1,1
1,1,1
0,0,1
0,0,1
0,0,1
1,0,0
0,0,1
1,1,1
1,0,0
1,1,1
0,0,1
1,1,1
0,0,1
1,1,1
0,0,1
0,0,1
0,0,1
1,1,1
0,0,1
1,1,1
0,0,1
0,0,1
0,0,1
1,1,1
1,1,1
0,0,1
1,1,1
1,1,1
0,0,1
0,0,1
1,1,1
0,0,1
1,1,1
0,0,1
0,0,1
1,1,1
1,1,1
1,1,1
1,1,1
1,1,1
0,0,1
0,0,1
0,0,1
0,0,1
0,0,1
0,0,1
0,0,1
0,0,1
1,1,1
1,1,1
0,0,1
0,0,1
1,1,1
1,1,1
0,0,1
1,1,1
0,0,1
0,0,1
0,0,1
0,0,1
0,0,1
0,0,1
1,1,1
0,0,1
0,0,1
1,1,1
0,0,1
1,1,1
1,1,1
1,1,1
1,1,1
1,1,1
1,1,1
1,1,1
1,1,1
0,0,1
1,1,1
0,0,1
0,0,1
0,0,1
1,1,1
0,0,1
1,1,1
0,0,1
1,1,1
0,0,1
0,0,1
1,1,1
1,1,1
1,1,1
0,0,1
1,1,1
0,0,1
1,1,1
0,0,1
0,0,1
0,0,1
0,0,1
1,1,1
0,0,1
0,0,1
0,0,1
0,0,1
1,1,1
1,1,1
1,1,1
1,1,1
0,0,1
1,1,1
0,0,1
1,1,1
0,0,1
0,0,1
0,0,1
0,0,1
0,0,1
1,1,1
1,1,1
0,0,1
0,0,1
1,1,1
0,0,1
0,0,1
1,1,1
0,0,1
0,0,1
0,0,1
0,0,1
1,0,0
0,0,1
0,0,1
0,0,1
0,0,1
0,0,1
1,1,1
0,0,1
1,1,1
0,0,1
0,0,1
0,0,1
0,0,1
1,1,1
0,0,1
0,0,1
0,0,1
0,0,1
0,0,1
0,0,1
0,0,1
1,1,1
0,0,1
1,1,1
0,0,1
1,1,1
1,0,0
1,1,1
1,1,1
0,0,1
0,0,1
1,1,1
1,1,1
0,0,1
0,0,1
0,0,1
0,0,1
1,1,1
1,1,1
1,1,1
0,0,1
1,1,1
0,0,1
0,0,1
0,0,1
0,0,1
0,0,1
0,0,1
1,1,1
0,0,1
0,0,1
0,0,1
0,0,1
0,0,1
0,0,1
0,0,1
1,1,1
0,0,1
0,0,1
0,0,1
1,1,1
1,1,1
0,0,1
1,1,1
0,0,1
0,0,1
0,0,1
1,1,1
0,0,1
1,1,1
0,0,1
0,0,1
0,0,1
1,1,1
1,1,1
0,0,1
0,0,1
1,1,1
1,1,1
1,1,1
0,0,1
1,1,1
0,0,1
0,0,1
0,0,1
0,0,1
1,1,1
1,1,1
0,0,1
0,0,1
0,0,1
0,0,1
1,1,1
1,1,1
1,1,1
0,0,1
1,1,1
0,0,1
0,0,1
0,0,1
1,1,1
0,0,1
0,0,1
1,1,1
1,1,1
1,1,1
0,0,1
0,0,1
0,0,1
1,1,1
1,1,1
0,0,1
0,0,1
1,1,1
1,1,1
1,1,1
1,1,1
1,0,0
0,0,1
0,0,1
0,0,1
1,1,1
1,1,1
0,0,1
1,0,0
0,0,1
1,1,1
0,0,1
1,1,1
1,1,1
0,0,1
1,1,1
0,0,1
1,1,1
1,1,1
1,1,1
1,1,1
1,1,1
1,1,1
0,0,1
0,0,1
1,1,1
0,0,1
1,1,1
0,0,1
1,1,1
0,0,1
0,0,1
1,1,1
1,1,1
1,1,1
0,0,1
0,0,1
0,0,1
1,1,1
1,1,1
0,0,1
0,0,1
1,1,1
0,0,1
0,0,1
1,1,1
0,0,1
0,0,1
1,1,1
0,0,1
1,1,1
0,0,1
0,0,1
1,1,1
1,1,1
0,0,1
0,0,1
1,0,0
1,1,1
1,0,0
0,0,1
1,1,1
0,0,1
1,1,1
0,0,1
0,0,1
0,0,1
1,1,1
0,0,1
0,0,1
0,0,1
1,1,1
0,0,1
0,0,1
1,1,1
0,0,1
0,0,1
0,0,1
0,0,1
0,0,1
0,0,1
1,1,1
0,0,1
0,0,1
0,0,1
1,1,1
1,1,1
1,1,1
0,0,1
0,0,1
0,0,1
0,0,1
0,0,1
1,1,1
1,1,1
1,1,1
0,0,1
1,1,1
1,1,1
0,0,1
0,0,1
0,0,1
0,0,1
1,1,1
1,1,1
0,0,1
0,0,1
0,0,1
0,0,1
1,1,1
0,0,1
1,1,1
1,1,1
0,0,1
1,1,1
1,1,1
1,1,1
0,0,1
1,1,1
0,0,1
0,0,1
0,0,1
0,0,1
0,0,1
0,0,1
0,0,1
0,0,1
1,1,1
0,0,1
0,0,1
0,0,1
0,0,1
0,0,1
0,0,1
0,0,1
0,0,1
0,0,1
0,0,1
1,1,1
1,1,1
0,0,1
0,0,1
1,1,1
1,1,1
0,0,1
1,1,1
1,1,1
0,0,1
0,0,1
0,0,1
0,0,1
1,1,1
0,0,1
1,1,1
0,0,1
0,0,1
0,0,1
1,1,1
0,0,1
1,1,1
0,0,1
0,0,1
1,1,1
1,1,1
1,1,1
1,1,1
0,0,1
0,0,1
0,0,1
1,1,1
0,0,1
0,0,1
1,1,1
1,1,1
0,0,1
1,1,1
0,0,1
0,0,1
0,0,1
1,1,1
0,0,1
1,1,1
0,0,1
0,0,1
0,0,1
0,0,1
0,0,1
1,1,1
1,1,1
0,0,1
1,1,1
0,0,1
1,0,0
1,0,0
0,0,1
0,0,1
0,0,1
1,1,1
0,0,1
1,1,1
0,0,1
1,1,1
0,0,1
1,1,1
1,1,1
0,0,1
1,1,1
0,0,1
1,1,1
0,0,1
0,0,1
0,0,1
0,0,1
1,1,1
1,1,1
0,0,1
1,1,1
0,0,1
1,1,1
1,1,1
0,0,1
1,1,1
1,0,0
1,1,1
0,0,1
1,1,1
0,0,1
0,0,1
1,1,1
0,0,1
0,0,1
0,0,1
0,0,1
0,0,1
0,0,1
1,1,1
1,1,1
0,0,1
1,1,1
1,1,1
0,0,1
0,0,1
0,0,1
1,1,1
0,0,1
0,0,1
0,0,1
1,1,1
0,0,1
0,0,1
1,1,1
1,1,1
1,0,0
0,0,1
0,0,1
0,0,1
0,0,1
1,1,1
1,1,1
0,0,1
0,0,1
1,1,1
1,1,1
0,0,1
1,1,1
1,1,1
0,0,1
1,1,1
0,0,1
1,1,1
0,0,1
0,0,1
0,0,1
1,1,1
1,1,1
1,1,1
1,1,1
1,1,1
1,1,1
0,0,1
0,0,1
1,1,1
0,0,1
0,0,1
1,1,1
1,1,1
0,0,1
1,1,1
1,1,1
0,0,1
0,0,1
1,1,1
0,0,1
1,0,0
0,0,1
1,1,1
0,0,1
0,0,1
1,1,1
1,1,1
1,1,1
0,0,1
1,1,1
0,0,1
0,0,1
0,0,1
0,0,1
0,0,1
1,1,1
1,1,1
0,0,1
0,0,1
0,0,1
0,0,1
0,0,1
0,0,1
0,0,1
0,0,1
0,0,1
0,0,1
1,1,1
1,1,1
0,0,1
1,1,1
1,1,1
0,0,1
0,0,1
1,1,1
0,0,1
0,0,1
0,0,1
1,0,0
0,0,1
0,0,1
0,0,1
1,1,1
1,1,1
1,1,1
1,1,1
0,0,1
0,0,1
0,0,1
0,0,1
0,0,1
0,0,1
1,1,1
1,1,1
1,0,0
0,0,1
0,0,1
1,1,1
1,1,1
1,1,1
1,1,1
1,1,1
1,1,1
1,1,1
1,1,1
1,1,1
0,0,1
0,0,1
1,1,1
0,0,1
0,0,1
0,0,1
0,0,1
1,1,1
0,0,1
0,0,1
0,0,1
0,0,1
1,1,1
1,1,1
0,0,1
1,1,1
0,0,1
1,1,1
0,0,1
1,1,1
0,0,1
0,0,1
0,0,1
0,0,1
0,0,1
0,0,1
0,0,1
0,0,1
1,1,1
0,0,1
0,0,1
1,1,1
1,1,1
0,0,1
1,1,1
1,1,1
1,1,1
0,0,1
1,1,1
1,1,1
1,1,1
0,0,1
1,1,1
1,1,1
1,1,1
1,1,1
1,1,1
0,0,1
0,0,1
1,0,0
1,1,1
0,0,1
1,1,1
1,1,1
0,0,1
0,0,1
1,1,1
0,0,1
0,0,1
0,0,1
1,1,1
1,1,1
1,0,0
1,1,1
0,0,1
0,0,1
1,1,1
1,1,1
0,0,1
0,0,1
1,1,1
0,0,1
1,1,1
0,0,1
0,0,1
1,1,1
1,0,0
0,0,1
0,0,1
0,0,1
1,1,1
0,0,1
1,1,1
0,0,1
0,0,1
0,0,1
0,0,1
0,0,1
0,0,1
0,0,1
1,1,1
0,0,1
0,0,1
0,0,1
0,0,1
1,1,1
1,1,1
1,1,1
1,1,1
0,0,1
1,1,1
1,1,1
0,0,1
1,1,1
1,1,1
1,1,1
0,0,1
0,0,1
1,1,1
0,0,1
0,0,1
0,0,1
0,0,1
0,0,1
1,1,1
1,1,1
0,0,1
0,0,1
0,0,1
0,0,1
0,0,1
0,0,1
1,1,1
0,0,1
1,1,1
0,0,1
0,0,1
0,0,1
0,0,1
1,1,1
1,1,1
1,0,0
0,0,1
0,0,1
0,0,1
0,0,1
0,0,1
1,1,1
0,0,1
0,0,1
1,1,1
1,1,1
1,1,1
0,0,1
0,0,1
0,0,1
0,0,1
1,1,1
1,0,0
1,1,1
1,1,1
0,0,1
1,1,1
0,0,1
0,0,1
0,0,1
1,1,1
1,1,1
0,0,1
0,0,1
0,0,1
0,0,1
0,0,1
0,0,1
1,1,1
1,1,1
0,0,1
0,0,1
0,0,1
0,0,1
1,1,1
1,1,1
1,0,0
1,1,1
0,0,1
0,0,1
1,0,0
0,0,1
0,0,1
0,0,1
0,0,1
1,1,1
0,0,1
0,0,1
0,0,1
1,1,1
0,0,1
1,1,1
1,1,1
0,0,1
0,0,1
0,0,1
0,0,1
1,1,1
0,0,1
0,0,1
1,1,1
1,0,0
0,0,1
0,0,1
1,1,1
0,0,1
0,0,1
1,1,1
0,0,1
0,0,1
1,1,1
1,1,1
0,0,1
1,1,1
0,0,1
0,0,1
1,1,1
0,0,1
1,1,1
0,0,1
0,0,1
1,1,1
0,0,1
0,0,1
0,0,1
1,1,1
1,1,1
0,0,1
0,0,1
0,0,1
0,0,1
1,1,1
1,1,1
1,0,0
1,1,1
0,0,1
1,1,1
1,1,1
0,0,1
0,0,1
1,1,1
0,0,1
0,0,1
1,1,1
1,1,1
0,0,1
0,0,1
1,1,1
0,0,1
0,0,1
0,0,1
0,0,1
0,0,1
0,0,1
0,0,1
0,0,1
0,0,1
0,0,1
0,0,1
1,1,1
1,1,1
0,0,1
0,0,1
1,1,1
0,0,1
0,0,1
0,0,1
0,0,1
1,1,1
0,0,1
0,0,1
1,1,1
0,0,1
0,0,1
0,0,1
1,1,1
1,1,1
0,0,1
0,0,1
1,1,1
1,1,1
0,0,1
0,0,1
0,0,1
0,0,1
0,0,1
1,1,1
1,0,0
0,0,1
1,1,1
0,0,1
1,1,1
0,0,1
0,0,1
0,0,1
1,1,1
1,1,1
0,0,1
0,0,1
0,0,1
0,0,1
0,0,1
0,0,1
0,0,1
0,0,1
1,1,1
0,0,1
0,0,1
0,0,1
0,0,1
1,1,1
1,1,1
0,0,1
0,0,1
1,1,1
0,0,1
0,0,1
0,0,1
0,0,1
1,1,1
1,1,1
0,0,1
0,0,1
0,0,1
1,1,1
1,1,1
1,1,1
0,0,1
1,1,1
1,1,1
0,0,1
0,0,1
0,0,1
0,0,1
0,0,1
1,1,1
0,0,1
0,0,1
1,1,1
0,0,1
0,0,1
0,0,1
0,0,1
0,0,1
0,0,1
0,0,1
0,0,1
0,0,1
1,1,1
0,0,1
0,0,1
1,1,1
0,0,1
1,1,1
1,1,1
0,0,1
1,1,1
1,1,1
1,1,1
1,1,1
0,0,1
0,0,1
1,1,1
0,0,1
0,0,1
0,0,1
1,1,1
1,1,1
1,1,1
1,1,1
1,1,1
0,0,1
0,0,1
0,0,1
0,0,1
1,1,1
1,1,1
1,1,1
0,0,1
0,0,1
0,0,1
1,1,1
1,1,1
1,1,1
1,1,1
0,0,1
0,0,1
0,0,1
1,1,1
0,0,1
0,0,1
0,0,1
0,0,1
1,1,1
1,1,1
0,0,1
0,0,1
0,0,1
1,1,1
0,0,1
0,0,1
0,0,1
1,1,1
1,1,1
1,1,1
0,0,1
0,0,1
0,0,1
0,0,1
0,0,1
0,0,1
0,0,1
1,1,1
1,1,1
1,1,1
0,0,1
0,0,1
0,0,1
1,1,1
0,0,1
0,0,1
0,0,1
0,0,1
0,0,1
0,0,1
1,1,1
1,1,1
0,0,1
0,0,1
0,0,1
0,0,1
1,1,1
0,0,1
0,0,1
1,1,1
0,0,1
0,0,1
1,0,0
1,1,1
0,0,1
0,0,1
0,0,1
1,1,1
1,1,1
0,0,1
0,0,1
0,0,1
1,1,1
1,1,1
1,1,1
1,1,1
1,1,1
0,0,1
0,0,1
1,1,1
1,1,1
0,0,1
1,1,1
0,0,1
0,0,1
1,1,1
0,0,1
1,1,1
0,0,1
0,0,1
0,0,1
0,0,1
0,0,1
0,0,1
0,0,1
0,0,1
0,0,1
0,0,1
0,0,1
0,0,1
1,1,1
1,1,1
0,0,1
1,1,1
0,0,1
1,1,1
0,0,1
0,0,1
1,1,1
1,1,1
0,0,1
0,0,1
0,0,1
1,1,1
1,1,1
1,1,1
1,1,1
0,0,1
1,1,1
1,1,1
0,0,1
0,0,1
1,1,1
0,0,1
1,1,1
0,0,1
1,1,1
1,1,1
0,0,1
0,0,1
1,1,1
1,1,1
0,0,1
0,0,1
0,0,1
0,0,1
0,0,1
0,0,1
0,0,1
0,0,1
1,1,1
0,0,1
1,1,1
0,0,1
1,1,1
0,0,1
1,1,1
1,1,1
1,1,1
0,0,1
1,1,1
0,0,1
0,0,1
1,1,1
0,0,1
0,0,1
1,1,1
0,0,1
1,1,1
0,0,1
1,1,1
1,1,1
1,1,1
0,0,1
1,1,1
0,0,1
0,0,1
0,0,1
0,0,1
0,0,1
1,1,1
0,0,1
0,0,1
0,0,1
0,0,1
1,1,1
1,0,0
1,1,1
0,0,1
0,0,1
0,0,1
0,0,1
1,1,1
0,0,1
0,0,1
1,1,1
1,1,1
1,1,1
0,0,1
0,0,1
1,1,1
0,0,1
1,1,1
0,0,1
0,0,1
1,1,1
0,0,1
1,1,1
1,0,0
0,0,1
1,1,1
0,0,1
1,1,1
1,1,1
0,0,1
0,0,1
0,0,1
1,1,1
1,1,1
0,0,1
0,0,1
0,0,1
0,0,1
0,0,1
0,0,1
0,0,1
0,0,1
0,0,1
0,0,1
0,0,1
0,0,1
0,0,1
1,1,1
0,0,1
1,1,1
0,0,1
0,0,1
0,0,1
0,0,1
1,0,0
1,1,1
0,0,1
0,0,1
1,1,1
0,0,1
1,1,1
1,1,1
1,1,1
1,0,0
0,0,1
0,0,1
0,0,1
0,0,1
0,0,1
0,0,1
0,0,1
0,0,1
0,0,1
0,0,1
1,1,1
0,0,1
0,0,1
0,0,1
0,0,1
1,1,1
0,0,1
0,0,1
0,0,1
1,1,1
0,0,1
1,1,1
0,0,1
1,1,1
0,0,1
1,1,1
0,0,1
1,1,1
1,1,1
0,0,1
1,1,1
0,0,1
0,0,1
0,0,1
0,0,1
0,0,1
1,1,1
0,0,1
1,1,1
0,0,1
1,1,1
1,1,1
0,0,1
1,1,1
1,1,1
0,0,1
0,0,1
1,1,1
1,1,1
1,1,1
1,1,1
1,1,1
1,1,1
1,1,1
0,0,1
0,0,1
1,1,1
1,1,1
0,0,1
1,1,1
0,0,1
0,0,1
0,0,1
0,0,1
0,0,1
1,1,1
0,0,1
0,0,1
1,1,1
0,0,1
1,1,1
0,0,1
1,1,1
1,1,1
1,1,1
1,1,1
0,0,1
0,0,1
1,1,1
1,1,1
1,1,1
0,0,1
1,1,1
0,0,1
1,1,1
0,0,1
0,0,1
1,1,1
0,0,1
1,1,1
1,1,1
0,0,1
0,0,1
0,0,1
0,0,1
1,1,1
0,0,1
1,1,1
0,0,1
1,1,1
0,0,1
0,0,1
1,1,1
0,0,1
0,0,1
0,0,1
0,0,1
1,1,1
1,1,1
0,0,1
0,0,1
1,1,1
1,1,1
1,1,1
1,1,1
0,0,1
0,0,1
0,0,1
0,0,1
1,1,1
0,0,1
1,1,1
1,1,1
1,1,1
0,0,1
1,1,1
0,0,1
0,0,1
1,1,1
0,0,1
0,0,1
0,0,1
1,1,1
1,1,1
1,1,1
0,0,1
0,0,1
0,0,1
1,1,1
1,1,1
1,1,1
0,0,1
0,0,1
1,1,1
0,0,1
0,0,1
0,0,1
1,1,1
1,1,1
1,1,1
1,1,1
1,1,1
0,0,1
1,0,0
0,0,1
1,1,1
0,0,1
0,0,1
0,0,1
0,0,1
1,1,1
1,1,1
1,1,1
0,0,1
1,1,1
1,1,1
1,1,1
0,0,1
0,0,1
1,1,1
1,1,1
0,0,1
1,1,1
0,0,1
0,0,1
1,1,1
1,1,1
0,0,1
0,0,1
0,0,1
1,1,1
1,0,0
0,0,1
1,1,1
0,0,1
0,0,1
1,1,1
0,0,1
1,1,1
0,0,1
1,1,1
1,1,1
0,0,1
1,1,1
0,0,1
0,0,1
1,1,1
0,0,1
0,0,1
1,1,1
1,1,1
0,0,1
0,0,1
1,1,1
0,0,1
0,0,1
1,1,1
0,0,1
0,0,1
1,1,1
0,0,1
0,0,1
1,1,1
0,0,1
1,1,1
0,0,1
1,1,1
1,1,1
0,0,1
0,0,1
1,1,1
0,0,1
0,0,1
0,0,1
1,1,1
1,1,1
0,0,1
0,0,1
1,1,1
0,0,1
0,0,1
1,1,1
1,1,1
1,1,1
1,1,1
0,0,1
0,0,1
1,1,1
1,1,1
0,0,1
0,0,1
1,1,1
1,1,1
0,0,1
0,0,1
0,0,1
0,0,1
1,1,1
1,1,1
0,0,1
0,0,1
1,1,1
1,1,1
1,1,1
1,1,1
0,0,1
0,0,1
1,1,1
0,0,1
0,0,1
0,0,1
0,0,1
0,0,1
0,0,1
0,0,1
0,0,1
1,1,1
1,1,1
0,0,1
1,1,1
0,0,1
0,0,1
0,0,1
0,0,1
0,0,1
1,1,1
0,0,1
1,1,1
1,1,1
0,0,1
1,1,1
0,0,1
1,1,1
0,0,1
0,0,1
1,1,1
0,0,1
1,1,1
0,0,1
1,1,1
1,1,1
1,1,1
0,0,1
1,1,1
0,0,1
0,0,1
0,0,1
0,0,1
0,0,1
1,1,1
1,1,1
0,0,1
1,0,0
1,1,1
0,0,1
0,0,1
1,1,1
1,1,1
1,1,1
0,0,1
0,0,1
1,1,1
1,1,1
0,0,1
1,1,1
0,0,1
1,1,1
0,0,1
1,1,1
1,1,1
0,0,1
0,0,1
0,0,1
1,1,1
1,1,1
0,0,1
1,1,1
1,1,1
0,0,1
1,1,1
1,1,1
1,1,1
1,1,1
1,1,1
0,0,1
1,1,1
0,0,1
1,0,0
0,0,1
1,1,1
0,0,1
0,0,1
0,0,1
0,0,1
0,0,1
1,1,1
1,1,1
1,1,1
0,0,1
0,0,1
1,1,1
1,1,1
1,0,0
0,0,1
0,0,1
1,0,0
0,0,1
1,1,1
1,1,1
0,0,1
0,0,1
0,0,1
1,1,1
0,0,1
0,0,1
1,1,1
0,0,1
0,0,1
0,0,1
0,0,1
0,0,1
1,1,1
1,1,1
0,0,1
0,0,1
0,0,1
0,0,1
0,0,1
1,1,1
0,0,1
0,0,1
0,0,1
1,1,1
0,0,1
0,0,1
1,1,1
0,0,1
0,0,1
0,0,1
0,0,1
0,0,1
0,0,1
0,0,1
1,1,1
0,0,1
0,0,1
0,0,1
0,0,1
0,0,1
1,1,1
0,0,1
0,0,1
1,1,1
1,1,1
1,1,1
0,0,1
1,1,1
1,1,1
1,1,1
0,0,1
1,1,1
0,0,1
0,0,1
0,0,1
1,1,1
0,0,1
0,0,1
1,1,1
0,0,1
0,0,1
0,0,1
0,0,1
0,0,1
1,0,0
1,1,1
0,0,1
0,0,1
0,0,1
1,1,1
0,0,1
0,0,1
0,0,1
0,0,1
1,1,1
0,0,1
0,0,1
1,1,1
1,1,1
1,1,1
0,0,1
0,0,1
0,0,1
0,0,1
0,0,1
0,0,1
1,1,1
0,0,1
0,0,1
1,1,1
0,0,1
0,0,1
0,0,1
0,0,1
0,0,1
0,0,1
0,0,1
0,0,1
0,0,1
0,0,1
1,1,1
1,1,1
0,0,1
0,0,1
0,0,1
0,0,1
0,0,1
0,0,1
0,0,1
0,0,1
1,1,1
1,1,1
1,1,1
0,0,1
0,0,1
1,1,1
1,1,1
1,1,1
0,0,1
0,0,1
0,0,1
0,0,1
0,0,1
0,0,1
0,0,1
0,0,1
1,1,1
1,1,1
1,1,1
0,0,1
0,0,1
0,0,1
1,1,1
1,1,1
1,1,1
1,1,1
0,0,1
0,0,1
0,0,1
1,1,1
0,0,1
0,0,1
1,1,1
0,0,1
1,1,1
0,0,1
0,0,1
0,0,1
1,1,1
0,0,1
0,0,1
0,0,1
0,0,1
1,1,1
0,0,1
1,1,1
0,0,1
0,0,1
0,0,1
0,0,1
1,1,1
0,0,1
0,0,1
1,1,1
0,0,1
1,1,1
0,0,1
0,0,1
0,0,1
0,0,1
0,0,1
0,0,1
0,0,1
0,0,1
1,1,1
0,0,1
1,1,1
1,1,1
0,0,1
0,0,1
1,1,1
0,0,1
0,0,1
0,0,1
0,0,1
0,0,1
1,1,1
1,1,1
0,0,1
1,1,1
0,0,1
1,1,1
0,0,1
1,1,1
0,0,1
0,0,1
1,1,1
0,0,1
0,0,1
1,1,1
1,1,1
1,1,1
1,1,1
0,0,1
0,0,1
0,0,1
1,1,1
0,0,1
1,1,1
1,1,1
1,1,1
0,0,1
0,0,1
0,0,1
1,1,1
1,1,1
0,0,1
1,1,1
0,0,1
1,1,1
1,1,1
0,0,1
1,1,1
1,1,1
0,0,1
1,1,1
1,1,1
1,1,1
1,1,1
0,0,1
0,0,1
0,0,1
1,0,0
1,1,1
1,1,1
1,1,1
0,0,1
0,0,1
0,0,1
0,0,1
0,0,1
1,1,1
0,0,1
1,1,1
0,0,1
1,1,1
1,1,1
0,0,1
1,1,1
0,0,1
1,1,1
1,1,1
0,0,1
0,0,1
0,0,1
0,0,1
0,0,1
0,0,1
1,1,1
0,0,1
0,0,1
0,0,1
1,1,1
0,0,1
0,0,1
0,0,1
0,0,1
0,0,1
0,0,1
0,0,1
0,0,1
0,0,1
0,0,1
1,1,1
0,0,1
0,0,1
0,0,1
1,1,1
0,0,1
0,0,1
1,1,1
0,0,1
1,1,1
1,1,1
1,1,1
0,0,1
1,1,1
0,0,1
0,0,1
0,0,1
1,1,1
0,0,1
0,0,1
1,1,1
0,0,1
0,0,1
0,0,1
1,1,1
0,0,1
0,0,1
0,0,1
0,0,1
0,0,1
1,0,0
0,0,1
0,0,1
1,1,1
0,0,1
0,0,1
0,0,1
0,0,1
0,0,1
1,1,1
0,0,1
0,0,1
0,0,1
0,0,1
1,1,1
0,0,1
0,0,1
0,0,1
1,1,1
1,1,1
1,1,1
0,0,1
1,0,0
1,1,1
0,0,1
1,1,1
1,1,1
0,0,1
1,1,1
0,0,1
0,0,1
1,1,1
0,0,1
1,1,1
1,1,1
1,1,1
1,1,1
1,1,1
0,0,1
0,0,1
1,1,1
0,0,1
0,0,1
0,0,1
1,1,1
0,0,1
1,1,1
1,1,1
0,0,1
1,1,1
0,0,1
0,0,1
1,1,1
0,0,1
0,0,1
1,1,1
0,0,1
0,0,1
0,0,1
1,1,1
1,1,1
1,1,1
1,1,1
0,0,1
0,0,1
0,0,1
1,1,1
0,0,1
0,0,1
1,1,1
1,1,1
1,1,1
1,1,1
0,0,1
0,0,1
0,0,1
0,0,1
1,1,1
0,0,1
1,1,1
1,1,1
1,1,1
1,1,1
1,1,1
1,1,1
0,0,1
0,0,1
0,0,1
1,1,1
0,0,1
0,0,1
0,0,1
1,1,1
0,0,1
0,0,1
0,0,1
0,0,1
1,1,1
1,1,1
0,0,1
0,0,1
0,0,1
1,1,1
0,0,1
0,0,1
1,1,1
0,0,1
1,1,1
0,0,1
0,0,1
0,0,1
0,0,1
1,1,1
0,0,1
0,0,1
1,1,1
1,1,1
0,0,1
0,0,1
1,1,1
1,1,1
1,1,1
0,0,1
1,1,1
0,0,1
0,0,1
0,0,1
1,1,1
1,1,1
1,1,1
0,0,1
1,1,1
1,1,1
0,0,1
1,1,1
0,0,1
1,1,1
1,1,1
0,0,1
1,1,1
1,1,1
1,0,0
0,0,1
0,0,1
0,0,1
0,0,1
1,1,1
1,1,1
0,0,1
1,1,1
1,1,1
0,0,1
0,0,1
0,0,1
0,0,1
0,0,1
0,0,1
0,0,1
1,1,1
0,0,1
0,0,1
0,0,1
0,0,1
1,1,1
0,0,1
1,1,1
0,0,1
0,0,1
0,0,1
0,0,1
1,1,1
0,0,1
1,1,1
0,0,1
1,1,1
0,0,1
1,1,1
0,0,1
1,1,1
0,0,1
1,1,1
1,1,1
0,0,1
1,0,0
0,0,1
0,0,1
0,0,1
1,1,1
0,0,1
1,1,1
0,0,1
0,0,1
0,0,1
0,0,1
0,0,1
0,0,1
1,1,1
0,0,1
0,0,1
1,1,1
0,0,1
0,0,1
0,0,1
0,0,1
0,0,1
0,0,1
0,0,1
0,0,1
1,1,1
0,0,1
1,1,1
0,0,1
0,0,1
0,0,1
0,0,1
0,0,1
0,0,1
0,0,1
1,0,0
0,0,1
0,0,1
0,0,1
0,0,1
1,1,1
1,1,1
1,1,1
0,0,1
0,0,1
0,0,1
1,1,1
0,0,1
0,0,1
0,0,1
1,0,0
0,0,1
1,1,1
0,0,1
1,1,1
1,1,1
1,0,0
1,1,1
0,0,1
1,1,1
1,1,1
0,0,1
1,1,1
0,0,1
0,0,1
1,1,1
0,0,1
1,1,1
1,1,1
0,0,1
1,1,1
0,0,1
0,0,1
1,1,1
1,1,1
0,0,1
1,1,1
1,1,1
0,0,1
0,0,1
0,0,1
0,0,1
0,0,1
0,0,1
1,1,1
1,1,1
0,0,1
0,0,1
1,1,1
1,1,1
1,1,1
0,0,1
1,1,1
0,0,1
0,0,1
0,0,1
0,0,1
1,1,1
1,0,0
0,0,1
0,0,1
0,0,1
0,0,1
1,1,1
1,1,1
0,0,1
1,1,1
0,0,1
0,0,1
1,1,1
0,0,1
1,1,1
1,0,0
1,1,1
0,0,1
1,1,1
1,1,1
0,0,1
1,1,1
1,1,1
0,0,1
0,0,1
0,0,1
1,1,1
1,1,1
0,0,1
1,1,1
1,1,1
1,1,1
0,0,1
0,0,1
1,1,1
0,0,1
0,0,1
1,1,1
1,1,1
0,0,1
0,0,1
0,0,1
0,0,1
0,0,1
0,0,1
0,0,1
0,0,1
0,0,1
0,0,1
0,0,1
1,1,1
0,0,1
0,0,1
0,0,1
0,0,1
0,0,1
0,0,1
0,0,1
0,0,1
1,1,1
1,1,1
0,0,1
0,0,1
1,1,1
1,0,0
0,0,1
0,0,1
0,0,1
0,0,1
0,0,1
0,0,1
0,0,1
0,0,1
1,1,1
0,0,1
0,0,1
0,0,1
1,1,1
0,0,1
0,0,1
1,1,1
0,0,1
0,0,1
1,1,1
1,1,1
1,1,1
0,0,1
1,1,1
1,1,1
1,1,1
0,0,1
0,0,1
0,0,1
0,0,1
0,0,1
0,0,1
0,0,1
1,1,1
1,1,1
1,1,1
0,0,1
1,1,1
1,1,1
0,0,1
0,0,1
1,1,1
0,0,1
0,0,1
1,1,1
0,0,1
0,0,1
1,0,0
1,1,1
0,0,1
1,1,1
0,0,1
1,1,1
0,0,1
0,0,1
1,1,1
1,1,1
0,0,1
1,1,1
1,0,0
0,0,1
0,0,1
0,0,1
0,0,1
1,1,1
0,0,1
1,1,1
0,0,1
1,1,1
0,0,1
1,1,1
1,1,1
0,0,1
0,0,1
1,1,1
0,0,1
1,1,1
0,0,1
1,1,1
1,1,1
1,1,1
1,1,1
1,1,1
0,0,1
0,0,1
1,1,1
0,0,1
0,0,1
0,0,1
0,0,1
0,0,1
0,0,1
0,0,1
0,0,1
0,0,1
0,0,1
0,0,1
0,0,1
1,1,1
0,0,1
0,0,1
1,1,1
0,0,1
1,1,1
0,0,1
1,1,1
1,1,1
1,1,1
1,1,1
1,1,1
0,0,1
0,0,1
0,0,1
0,0,1
0,0,1
1,1,1
1,1,1
0,0,1
1,1,1
0,0,1
0,0,1
1,1,1
0,0,1
0,0,1
1,1,1
1,1,1
1,1,1
1,1,1
1,1,1
0,0,1
0,0,1
0,0,1
0,0,1
0,0,1
1,1,1
1,1,1
1,1,1
0,0,1
0,0,1
0,0,1
1,1,1
0,0,1
0,0,1
1,1,1
0,0,1
0,0,1
0,0,1
0,0,1
0,0,1
0,0,1
0,0,1
1,1,1
0,0,1
1,1,1
0,0,1
0,0,1
1,1,1
1,1,1
0,0,1
0,0,1
1,1,1
1,1,1
0,0,1
0,0,1
0,0,1
1,1,1
1,1,1
1,1,1
0,0,1
0,0,1
0,0,1
0,0,1
1,1,1
0,0,1
1,1,1
1,1,1
0,0,1
0,0,1
1,1,1
0,0,1
0,0,1
1,1,1
1,1,1
0,0,1
1,1,1
1,1,1
1,1,1
0,0,1
1,1,1
1,1,1
0,0,1
1,1,1
1,1,1
0,0,1
0,0,1
1,1,1
0,0,1
0,0,1
1,1,1
0,0,1
0,0,1
0,0,1
1,0,0
1,1,1
0,0,1
0,0,1
1,1,1
0,0,1
1,1,1
0,0,1
0,0,1
1,0,0
1,1,1
0,0,1
1,1,1
0,0,1
0,0,1
1,1,1
0,0,1
0,0,1
0,0,1
1,1,1
0,0,1
1,1,1
0,0,1
0,0,1
0,0,1
0,0,1
0,0,1
1,1,1
1,1,1
0,0,1
0,0,1
1,1,1
0,0,1
1,1,1
0,0,1
0,0,1
1,1,1
1,1,1
0,0,1
0,0,1
0,0,1
1,1,1
1,1,1
0,0,1
0,0,1
0,0,1
1,1,1
1,1,1
1,1,1
0,0,1
1,1,1
1,1,1
1,1,1
0,0,1
0,0,1
1,1,1
0,0,1
1,1,1
0,0,1
0,0,1
0,0,1
0,0,1
0,0,1
1,1,1
0,0,1
0,0,1
0,0,1
0,0,1
1,1,1
1,1,1
1,1,1
1,1,1
0,0,1
0,0,1
1,1,1
1,1,1
0,0,1
0,0,1
0,0,1
1,1,1
0,0,1
1,1,1
0,0,1
0,0,1
0,0,1
0,0,1
0,0,1
1,1,1
1,1,1
0,0,1
1,1,1
0,0,1
1,1,1
1,1,1
1,1,1
0,0,1
0,0,1
0,0,1
0,0,1
1,1,1
1,1,1
0,0,1
0,0,1
0,0,1
0,0,1
0,0,1
0,0,1
1,1,1
0,0,1
1,1,1
0,0,1
1,1,1
1,1,1
1,1,1
1,1,1
1,1,1
1,1,1
1,1,1
1,1,1
1,0,0
0,0,1
0,0,1
1,1,1
1,1,1
1,1,1
0,0,1
0,0,1
0,0,1
1,1,1
1,1,1
1,1,1
1,1,1
0,0,1
0,0,1
0,0,1
0,0,1
1,1,1
0,0,1
1,1,1
1,1,1
1,1,1
0,0,1
0,0,1
0,0,1
0,0,1
0,0,1
1,1,1
0,0,1
0,0,1
0,0,1
0,0,1
1,1,1
1,1,1
0,0,1
1,1,1
0,0,1
0,0,1
0,0,1
0,0,1
1,1,1
1,1,1
0,0,1
0,0,1
0,0,1
1,1,1
1,1,1
0,0,1
1,1,1
0,0,1
0,0,1
0,0,1
0,0,1
0,0,1
0,0,1
0,0,1
0,0,1
1,1,1
0,0,1
1,1,1
1,1,1
1,1,1
1,1,1
1,1,1
0,0,1
0,0,1
0,0,1
0,0,1
1,1,1
1,1,1
0,0,1
1,1,1
1,1,1
1,1,1
0,0,1
0,0,1
1,1,1
0,0,1
1,1,1
1,1,1
0,0,1
1,1,1
1,1,1
0,0,1
0,0,1
0,0,1
0,0,1
1,1,1
0,0,1
0,0,1
1,1,1
1,1,1
0,0,1
1,0,0
1,1,1
1,1,1
1,1,1
1,1,1
0,0,1
0,0,1
1,1,1
0,0,1
1,1,1
0,0,1
1,1,1
1,1,1
1,1,1
0,0,1
1,1,1
0,0,1
0,0,1
1,1,1
0,0,1
1,1,1
1,1,1
0,0,1
0,0,1
0,0,1
1,1,1
1,1,1
1,1,1
1,1,1
0,0,1
1,1,1
1,1,1
1,1,1
0,0,1
0,0,1
0,0,1
1,1,1
0,0,1
0,0,1
0,0,1
0,0,1
0,0,1
0,0,1
0,0,1
0,0,1
1,1,1
1,1,1
0,0,1
1,1,1
0,0,1
1,1,1
0,0,1
1,1,1
0,0,1
1,1,1
0,0,1
0,0,1
1,1,1
0,0,1
0,0,1
0,0,1
0,0,1
0,0,1
0,0,1
1,1,1
1,1,1
0,0,1
0,0,1
1,1,1
0,0,1
0,0,1
0,0,1
0,0,1
1,1,1
0,0,1
1,1,1
0,0,1
1,1,1
0,0,1
0,0,1
1,1,1
1,1,1
1,1,1
1,1,1
1,1,1
0,0,1
0,0,1
1,1,1
1,0,0
1,1,1
0,0,1
0,0,1
1,1,1
0,0,1
0,0,1
1,1,1
1,1,1
1,1,1
1,1,1
0,0,1
0,0,1
1,1,1
1,1,1
0,0,1
0,0,1
1,1,1
1,1,1
0,0,1
0,0,1
0,0,1
0,0,1
1,1,1
0,0,1
0,0,1
0,0,1
1,1,1
0,0,1
1,1,1
0,0,1
1,1,1
0,0,1
0,0,1
1,0,0
0,0,1
1,1,1
1,1,1
1,1,1
0,0,1
0,0,1
1,1,1
0,0,1
0,0,1
1,1,1
0,0,1
0,0,1
1,1,1
1,1,1
0,0,1
1,1,1
0,0,1
1,1,1
0,0,1
0,0,1
1,1,1
0,0,1
0,0,1
1,1,1
0,0,1
1,1,1
1,1,1
1,1,1
1,1,1
1,1,1
1,1,1
0,0,1
0,0,1
1,1,1
1,1,1
0,0,1
0,0,1
0,0,1
1,1,1
1,1,1
0,0,1
0,0,1
1,1,1
0,0,1
1,1,1
1,1,1
0,0,1
0,0,1
1,1,1
1,1,1
0,0,1
1,1,1
1,1,1
1,1,1
1,1,1
0,0,1
0,0,1
0,0,1
1,1,1
0,0,1
0,0,1
0,0,1
1,1,1
0,0,1
0,0,1
0,0,1
0,0,1
1,1,1
1,1,1
0,0,1
1,1,1
1,1,1
1,1,1
1,1,1
1,1,1
1,1,1
0,0,1
1,1,1
1,1,1
0,0,1
1,1,1
1,1,1
0,0,1
1,1,1
1,1,1
0,0,1
0,0,1
0,0,1
0,0,1
1,1,1
0,0,1
0,0,1
0,0,1
0,0,1
0,0,1
0,0,1
0,0,1
1,1,1
0,0,1
1,1,1
0,0,1
0,0,1
0,0,1
1,1,1
1,1,1
1,1,1
0,0,1
1,1,1
0,0,1
0,0,1
0,0,1
1,1,1
1,1,1
1,1,1
1,1,1
0,0,1
0,0,1
0,0,1
0,0,1
0,0,1
1,1,1
0,0,1
0,0,1
0,0,1
0,0,1
0,0,1
1,1,1
0,0,1
1,1,1
0,0,1
0,0,1
0,0,1
0,0,1
1,1,1
0,0,1
0,0,1
0,0,1
1,1,1
1,1,1
0,0,1
1,1,1
0,0,1
0,0,1
0,0,1
1,1,1
1,1,1
0,0,1
0,0,1
0,0,1
0,0,1
1,1,1
0,0,1
0,0,1
1,1,1
0,0,1
0,0,1
0,0,1
0,0,1
1,1,1
0,0,1
0,0,1
1,1,1
0,0,1
1,1,1
0,0,1
0,0,1
1,1,1
0,0,1
0,0,1
0,0,1
0,0,1
1,0,0
1,1,1
0,0,1
0,0,1
0,0,1
0,0,1
0,0,1
1,1,1
1,1,1
0,0,1
1,1,1
0,0,1
0,0,1
1,1,1
0,0,1
0,0,1
1,1,1
1,1,1
0,0,1
0,0,1
1,1,1
0,0,1
1,0,0
1,1,1
0,0,1
0,0,1
1,1,1
0,0,1
1,1,1
0,0,1
0,0,1
0,0,1
1,1,1
1,1,1
0,0,1
0,0,1
1,1,1
0,0,1
1,1,1
0,0,1
1,1,1
0,0,1
1,1,1
1,1,1
1,1,1
1,1,1
0,0,1
0,0,1
1,1,1
0,0,1
0,0,1
0,0,1
1,1,1
0,0,1
0,0,1
1,1,1
0,0,1
0,0,1
1,1,1
1,1,1
0,0,1
1,1,1
0,0,1
0,0,1
0,0,1
1,1,1
1,1,1
1,1,1
0,0,1
1,1,1
0,0,1
0,0,1
0,0,1
0,0,1
0,0,1
0,0,1
0,0,1
0,0,1
0,0,1
1,1,1
0,0,1
0,0,1
1,1,1
0,0,1
0,0,1
0,0,1
0,0,1
0,0,1
0,0,1
1,1,1
1,1,1
0,0,1
0,0,1
0,0,1
1,1,1
0,0,1
0,0,1
0,0,1
1,1,1
1,1,1
1,1,1
1,1,1
1,1,1
1,1,1
0,0,1
0,0,1
1,1,1
1,1,1
1,1,1
0,0,1
0,0,1
1,1,1
1,1,1
1,1,1
0,0,1
1,1,1
0,0,1
1,1,1
0,0,1
0,0,1
0,0,1
0,0,1
0,0,1
1,1,1
0,0,1
0,0,1
1,1,1
1,1,1
1,1,1
0,0,1
1,1,1
1,1,1
1,1,1
1,1,1
0,0,1
1,1,1
1,1,1
0,0,1
0,0,1
0,0,1
0,0,1
1,1,1
0,0,1
0,0,1
0,0,1
0,0,1
0,0,1
1,1,1
1,1,1
1,1,1
0,0,1
0,0,1
1,1,1
0,0,1
1,1,1
1,1,1
1,1,1
0,0,1
0,0,1
1,1,1
0,0,1
1,1,1
1,1,1
0,0,1
0,0,1
0,0,1
0,0,1
0,0,1
0,0,1
0,0,1
0,0,1
0,0,1
1,1,1
0,0,1
0,0,1
1,1,1
0,0,1
1,0,0
0,0,1
0,0,1
1,1,1
0,0,1
0,0,1
0,0,1
0,0,1
0,0,1
0,0,1
1,1,1
0,0,1
0,0,1
0,0,1
0,0,1
1,1,1
0,0,1
0,0,1
0,0,1
1,1,1
1,1,1
0,0,1
1,1,1
0,0,1
0,0,1
1,1,1
1,1,1
1,1,1
1,1,1
1,1,1
0,0,1
0,0,1
1,1,1
1,1,1
1,1,1
0,0,1
0,0,1
1,1,1
1,1,1
0,0,1
1,1,1
1,1,1
1,1,1
0,0,1
1,1,1
0,0,1
0,0,1
0,0,1
0,0,1
0,0,1
1,1,1
1,1,1
0,0,1
0,1,0
1,1,1
0,0,1
1,1,1
1,1,1
0,0,1
1,1,1
1,1,1
0,0,1
0,0,1
1,1,1
1,1,1
0,0,1
1,0,0
0,0,1
0,0,1
0,0,1
0,0,1
1,1,1
0,0,1
0,0,1
1,0,0
0,0,1
1,1,1
0,0,1
0,0,1
0,0,1
0,0,1
1,1,1
0,0,1
1,1,1
1,1,1
0,0,1
1,1,1
0,0,1
0,0,1
0,0,1
0,0,1
0,0,1
0,0,1
1,1,1
0,0,1
0,0,1
1,1,1
1,1,1
0,0,1
0,0,1
1,1,1
0,0,1
1,1,1
0,0,1
1,1,1
0,0,1
0,0,1
1,1,1
0,0,1
0,0,1
1,1,1
0,0,1
0,0,1
1,1,1
0,0,1
0,0,1
0,0,1
0,0,1
0,0,1
0,0,1
1,0,0
0,0,1
1,1,1
0,0,1
0,0,1
0,0,1
0,0,1
0,0,1
0,0,1
0,0,1
1,1,1
0,0,1
1,1,1
0,0,1
0,0,1
0,0,1
0,0,1
0,0,1
0,0,1
0,0,1
0,0,1
0,0,1
1,1,1
0,0,1
0,0,1
1,1,1
0,0,1
1,1,1
1,1,1
0,0,1
1,1,1
0,0,1
1,1,1
0,0,1
0,0,1
0,0,1
1,1,1
0,0,1
1,1,1
1,1,1
0,0,1
1,1,1
0,0,1
0,0,1
1,1,1
0,0,1
0,0,1
0,0,1
0,0,1
1,1,1
0,0,1
1,1,1
0,0,1
0,0,1
1,1,1
1,1,1
1,1,1
0,0,1
1,1,1
0,0,1
0,0,1
0,0,1
1,1,1
0,0,1
1,1,1
1,1,1
1,1,1
0,0,1
1,1,1
0,0,1
0,0,1
1,1,1
0,0,1
1,1,1
0,0,1
0,0,1
1,1,1
0,0,1
1,1,1
0,0,1
1,1,1
1,1,1
0,0,1
1,1,1
1,1,1
0,0,1
0,0,1
1,1,1
1,1,1
1,1,1
1,1,1
0,0,1
0,0,1
1,1,1
0,0,1
0,0,1
0,0,1
0,0,1
0,0,1
1,0,0
1,1,1
0,0,1
1,1,1
0,0,1
0,0,1
1,0,0
0,0,1
0,0,1
1,1,1
0,0,1
0,0,1
1,1,1
1,1,1
0,0,1
0,0,1
0,0,1
1,1,1
1,1,1
1,1,1
1,1,1
0,0,1
0,0,1
0,0,1
0,0,1
1,1,1
1,1,1
0,0,1
0,0,1
1,1,1
0,0,1
1,1,1
0,0,1
1,1,1
1,1,1
1,1,1
0,0,1
0,0,1
1,1,1
0,0,1
1,1,1
0,0,1
1,1,1
1,1,1
0,0,1
1,1,1
1,1,1
0,0,1
0,0,1
1,1,1
0,0,1
1,1,1
1,1,1
1,1,1
1,1,1
1,1,1
1,1,1
1,1,1
0,0,1
1,1,1
0,0,1
1,1,1
1,1,1
0,0,1
0,0,1
1,1,1
0,0,1
1,1,1
0,0,1
0,0,1
1,1,1
0,0,1
0,0,1
0,0,1
1,1,1
1,1,1
1,0,0
0,0,1
0,0,1
0,0,1
1,0,0
1,1,1
0,0,1
1,1,1
1,1,1
1,1,1
1,1,1
0,0,1
1,1,1
0,0,1
0,0,1
1,1,1
0,0,1
1,1,1
1,1,1
0,0,1
0,0,1
0,0,1
1,1,1
1,1,1
1,1,1
0,0,1
0,0,1
0,0,1
1,1,1
0,0,1
0,0,1
0,0,1
0,0,1
1,1,1
0,0,1
0,0,1
0,0,1
1,1,1
0,0,1
0,0,1
1,1,1
0,0,1
0,0,1
1,1,1
1,1,1
1,1,1
0,0,1
0,0,1
0,0,1
1,1,1
1,1,1
0,0,1
0,0,1
0,0,1
1,1,1
0,0,1
0,0,1
0,0,1
1,1,1
0,0,1
1,1,1
1,1,1
1,1,1
0,0,1
0,0,1
1,1,1
0,0,1
0,0,1
0,0,1
0,0,1
0,0,1
0,0,1
0,0,1
0,0,1
1,1,1
0,0,1
0,0,1
0,0,1
0,0,1
0,0,1
0,0,1
0,0,1
1,1,1
1,1,1
1,1,1
1,1,1
0,0,1
1,0,0
1,1,1
0,0,1
0,0,1
0,0,1
0,0,1
1,1,1
1,1,1
0,0,1
1,1,1
0,0,1
0,0,1
1,1,1
0,0,1
1,1,1
1,1,1
0,0,1
0,0,1
0,0,1
1,1,1
0,0,1
0,0,1
1,1,1
0,0,1
1,1,1
0,0,1
1,1,1
0,0,1
0,0,1
0,0,1
1,1,1
0,0,1
1,1,1
0,0,1
0,0,1
1,1,1
0,0,1
0,0,1
0,0,1
0,0,1
1,0,0
1,1,1
0,0,1
1,1,1
0,0,1
1,1,1
1,1,1
0,0,1
0,0,1
0,0,1
0,0,1
0,0,1
1,1,1
1,0,0
0,0,1
0,0,1
0,0,1
0,0,1
1,1,1
0,0,1
0,0,1
0,0,1
0,0,1
1,1,1
1,1,1
0,0,1
0,0,1
0,0,1
0,0,1
0,0,1
1,1,1
0,0,1
0,0,1
0,0,1
0,0,1
0,0,1
1,1,1
1,1,1
0,0,1
1,1,1
0,0,1
0,0,1
0,0,1
1,1,1
0,0,1
1,1,1
0,0,1
1,1,1
1,1,1
1,1,1
0,0,1
1,1,1
0,0,1
0,0,1
0,0,1
0,0,1
1,1,1
0,0,1
1,1,1
0,0,1
0,0,1
0,0,1
0,0,1
1,1,1
0,0,1
1,1,1
0,0,1
1,1,1
0,0,1
0,0,1
0,0,1
1,1,1
0,0,1
0,0,1
1,1,1
1,1,1
0,0,1
0,0,1
0,0,1
1,0,0
0,0,1
0,0,1
1,0,0
0,0,1
1,1,1
1,1,1
0,0,1
1,1,1
0,0,1
0,0,1
0,0,1
0,0,1
0,0,1
1,1,1
1,1,1
0,0,1
0,0,1
0,0,1
1,1,1
0,0,1
0,0,1
0,0,1
0,0,1
0,0,1
0,0,1
0,0,1
1,1,1
0,0,1
1,1,1
0,0,1
0,0,1
0,0,1
1,1,1
1,1,1
0,0,1
0,0,1
1,1,1
0,0,1
0,0,1
0,0,1
0,0,1
0,0,1
1,1,1
0,0,1
0,0,1
0,0,1
1,1,1
0,0,1
0,0,1
1,1,1
1,1,1
1,1,1
0,0,1
0,0,1
0,0,1
0,0,1
0,0,1
0,0,1
0,0,1
0,0,1
0,0,1
0,0,1
0,0,1
1,1,1
0,0,1
0,0,1
1,1,1
1,1,1
1,1,1
0,0,1
0,0,1
0,0,1
1,1,1
0,0,1
0,0,1
1,1,1
1,1,1
0,0,1
1,1,1
0,0,1
0,0,1
0,0,1
1,1,1
0,0,1
0,0,1
0,0,1
0,0,1
0,0,1
0,0,1
1,1,1
0,0,1
0,0,1
1,1,1
0,0,1
1,1,1
1,1,1
1,1,1
1,1,1
0,0,1
0,0,1
0,0,1
0,0,1
0,0,1
0,0,1
0,0,1
0,0,1
1,1,1
0,0,1
1,1,1
1,1,1
0,0,1
0,0,1
0,0,1
1,0,0
1,1,1
1,1,1
1,1,1
1,1,1
1,1,1
1,1,1
1,1,1
0,0,1
0,0,1
0,0,1
1,1,1
0,0,1
1,1,1
1,1,1
1,1,1
0,0,1
0,0,1
0,0,1
1,1,1
0,0,1
0,0,1
1,1,1
0,0,1
0,0,1
0,0,1
1,1,1
1,0,0
0,0,1
0,0,1
0,0,1
1,1,1
0,0,1
0,0,1
0,0,1
1,0,0
0,0,1
0,0,1
0,0,1
0,0,1
1,1,1
0,0,1
0,0,1
1,1,1
1,1,1
0,0,1
0,0,1
1,1,1
0,0,1
1,1,1
1,1,1
1,1,1
1,1,1
0,0,1
1,1,1
1,1,1
1,1,1
0,0,1
0,0,1
1,1,1
0,0,1
0,0,1
1,1,1
0,0,1
1,1,1
0,0,1
0,0,1
0,0,1
0,0,1
0,0,1
0,0,1
0,0,1
0,0,1
0,0,1
1,1,1
0,0,1
0,0,1
0,0,1
0,0,1
1,1,1
1,1,1
0,0,1
0,0,1
0,0,1
1,1,1
0,0,1
1,1,1
1,1,1
0,0,1
1,1,1
0,0,1
0,0,1
0,0,1
1,1,1
0,0,1
1,1,1
0,0,1
0,0,1
0,0,1
0,0,1
0,0,1
0,0,1
0,0,1
0,0,1
0,0,1
1,1,1
0,0,1
0,0,1
0,0,1
1,1,1
1,1,1
0,0,1
0,0,1
0,0,1
1,1,1
1,1,1
1,1,1
0,0,1
0,0,1
0,0,1
0,0,1
1,1,1
1,1,1
1,1,1
0,0,1
1,1,1
1,1,1
1,1,1
1,1,1
0,0,1
0,0,1
0,0,1
1,0,0
1,1,1
1,1,1
1,1,1
0,0,1
0,0,1
0,0,1
0,0,1
1,1,1
0,0,1
1,1,1
0,0,1
0,0,1
1,1,1
0,0,1
1,1,1
1,1,1
0,0,1
0,0,1
1,1,1
0,0,1
0,0,1
1,1,1
0,0,1
0,0,1
0,0,1
1,1,1
0,0,1
1,1,1
0,0,1
1,1,1
1,1,1
0,0,1
1,1,1
1,1,1
1,1,1
0,0,1
0,0,1
0,0,1
0,0,1
1,1,1
0,0,1
0,0,1
1,1,1
0,0,1
1,1,1
1,1,1
0,0,1
1,1,1
0,0,1
0,0,1
1,1,1
0,0,1
0,0,1
1,1,1
0,0,1
0,0,1
0,0,1
0,0,1
1,1,1
0,0,1
0,0,1
0,0,1
0,0,1
1,1,1
0,0,1
0,0,1
0,0,1
0,0,1
0,0,1
0,0,1
0,0,1
0,0,1
0,0,1
0,0,1
0,0,1
0,0,1
1,1,1
0,0,1
0,0,1
1,1,1
1,1,1
0,0,1
1,1,1
1,1,1
0,0,1
1,1,1
1,1,1
1,1,1
0,0,1
1,1,1
0,0,1
1,1,1
1,0,0
1,1,1
0,0,1
1,1,1
1,1,1
0,0,1
0,0,1
0,0,1
1,0,0
0,0,1
0,0,1
1,1,1
1,1,1
0,0,1
1,1,1
1,1,1
0,0,1
0,0,1
0,0,1
0,0,1
0,0,1
0,0,1
0,0,1
0,0,1
1,1,1
0,0,1
0,0,1
1,1,1
0,0,1
0,0,1
0,0,1
0,0,1
1,1,1
0,0,1
0,0,1
0,0,1
1,1,1
0,0,1
1,1,1
1,1,1
0,0,1
0,0,1
0,0,1
1,1,1
0,0,1
0,0,1
1,1,1
1,1,1
1,1,1
0,0,1
1,0,0
0,0,1
0,0,1
0,0,1
0,0,1
0,0,1
0,0,1
0,0,1
0,0,1
0,0,1
0,0,1
0,0,1
0,0,1
1,1,1
0,0,1
1,1,1
0,0,1
1,1,1
0,0,1
0,0,1
1,1,1
0,0,1
1,1,1
1,1,1
0,0,1
0,0,1
0,0,1
0,0,1
0,0,1
1,1,1
0,0,1
1,1,1
1,1,1
0,0,1
0,0,1
0,0,1
0,0,1
0,0,1
1,1,1
0,0,1
0,0,1
0,0,1
1,1,1
1,1,1
0,0,1
0,0,1
1,1,1
1,0,0
0,0,1
0,0,1
0,0,1
1,1,1
1,0,0
0,0,1
1,1,1
1,1,1
0,0,1
0,0,1
1,1,1
0,0,1
0,0,1
1,1,1
0,0,1
1,1,1
0,0,1
0,0,1
1,1,1
1,1,1
0,0,1
0,0,1
1,1,1
1,1,1
1,1,1
1,1,1
0,0,1
0,0,1
0,0,1
1,1,1
1,1,1
1,1,1
1,1,1
0,0,1
0,0,1
0,0,1
1,1,1
1,1,1
0,0,1
0,0,1
0,0,1
1,1,1
1,1,1
0,0,1
1,1,1
0,0,1
1,0,0
0,0,1
1,1,1
0,0,1
1,1,1
0,0,1
1,1,1
1,1,1
0,0,1
1,1,1
1,1,1
0,0,1
1,1,1
0,0,1
1,1,1
1,1,1
1,1,1
1,1,1
0,0,1
1,1,1
0,0,1
0,0,1
0,0,1
0,0,1
0,0,1
1,1,1
0,0,1
0,0,1
1,0,0
1,1,1
0,0,1
1,1,1
1,1,1
1,1,1
0,0,1
1,1,1
1,0,0
0,0,1
1,1,1
0,0,1
1,1,1
1,1,1
1,1,1
1,1,1
1,1,1
1,1,1
1,1,1
0,0,1
0,0,1
1,1,1
0,0,1
1,1,1
0,0,1
0,0,1
1,1,1
1,1,1
1,1,1
0,0,1
0,0,1
0,0,1
1,1,1
0,0,1
1,1,1
0,0,1
1,1,1
0,0,1
0,0,1
1,1,1
1,1,1
1,1,1
1,1,1
0,0,1
0,0,1
1,1,1
1,1,1
0,0,1
1,0,0
1,1,1
0,0,1
0,0,1
0,0,1
1,1,1
1,1,1
1,1,1
0,0,1
0,0,1
0,0,1
0,0,1
0,0,1
1,1,1
1,1,1
1,1,1
1,1,1
0,0,1
0,0,1
0,0,1
0,0,1
0,0,1
1,1,1
0,0,1
1,1,1
0,0,1
0,0,1
1,1,1
0,0,1
0,0,1
1,1,1
0,0,1
0,0,1
0,0,1
0,0,1
0,0,1
1,1,1
0,0,1
1,1,1
1,1,1
0,0,1
1,1,1
1,1,1
0,0,1
0,0,1
0,0,1
0,0,1
1,1,1
1,1,1
0,0,1
0,0,1
0,0,1
1,1,1
0,0,1
1,1,1
1,1,1
1,1,1
0,0,1
0,0,1
1,1,1
1,1,1
0,0,1
0,0,1
0,0,1
1,1,1
1,1,1
1,1,1
1,1,1
1,1,1
1,1,1
0,0,1
0,0,1
1,1,1
0,0,1
1,1,1
0,0,1
0,0,1
0,0,1
0,0,1
0,0,1
1,1,1
0,0,1
1,1,1
0,0,1
1,1,1
1,1,1
0,0,1
0,0,1
0,0,1
0,0,1
0,0,1
0,0,1
1,1,1
1,1,1
0,0,1
0,0,1
0,0,1
1,1,1
0,0,1
0,0,1
0,0,1
0,0,1
0,0,1
0,0,1
1,1,1
1,1,1
0,0,1
0,0,1
1,1,1
1,1,1
1,1,1
1,1,1
1,0,0
0,0,1
0,0,1
1,1,1
1,0,0
1,1,1
1,1,1
1,1,1
0,0,1
0,0,1
0,0,1
0,0,1
0,0,1
0,0,1
0,0,1
1,1,1
1,1,1
1,1,1
0,1,0
1,1,1
0,0,1
0,0,1
1,1,1
0,0,1
1,1,1
0,0,1
0,0,1
0,0,1
0,0,1
1,1,1
0,0,1
0,0,1
1,0,0
1,1,1
0,0,1
0,0,1
1,1,1
0,0,1
0,0,1
0,0,1
1,1,1
0,0,1
0,0,1
0,0,1
0,0,1
0,0,1
0,0,1
0,0,1
0,0,1
0,0,1
1,1,1
0,0,1
1,1,1
0,0,1
1,1,1
0,0,1
0,0,1
1,1,1
1,1,1
0,0,1
0,0,1
0,0,1
1,1,1
1,1,1
0,0,1
1,1,1
0,0,1
0,0,1
1,1,1
1,1,1
1,1,1
0,0,1
1,1,1
1,1,1
1,1,1
0,0,1
1,1,1
1,1,1
1,1,1
1,1,1
0,0,1
1,1,1
1,1,1
0,0,1
0,0,1
0,0,1
0,0,1
1,0,0
0,0,1
0,0,1
0,0,1
0,0,1
0,0,1
0,0,1
1,1,1
1,1,1
0,0,1
0,0,1
1,0,0
0,0,1
0,0,1
1,1,1
0,0,1
0,0,1
0,0,1
1,1,1
0,0,1
0,0,1
1,1,1
1,1,1
1,1,1
0,0,1
1,0,0
0,0,1
1,1,1
0,0,1
0,0,1
0,0,1
0,0,1
0,0,1
0,0,1
0,0,1
0,0,1
0,0,1
0,0,1
0,0,1
1,1,1
0,0,1
1,1,1
0,0,1
0,0,1
0,0,1
1,1,1
0,0,1
1,1,1
0,0,1
0,0,1
1,1,1
0,0,1
1,1,1
0,0,1
0,0,1
1,1,1
0,0,1
1,1,1
0,0,1
0,0,1
1,1,1
0,0,1
0,0,1
0,0,1
0,0,1
1,1,1
0,0,1
1,1,1
0,0,1
1,1,1
1,1,1
0,0,1
0,0,1
0,0,1
0,0,1
0,0,1
0,0,1
0,0,1
1,1,1
1,1,1
1,1,1
0,0,1
1,1,1
1,1,1
1,1,1
0,0,1
1,1,1
1,1,1
1,1,1
0,1,0
0,0,1
1,1,1
0,0,1
0,0,1
1,1,1
0,0,1
1,1,1
1,1,1
0,0,1
1,0,0
1,0,0
0,0,1
1,1,1
1,1,1
0,0,1
1,1,1
0,0,1
1,1,1
0,0,1
0,0,1
0,0,1
0,0,1
0,0,1
0,0,1
1,1,1
0,0,1
1,1,1
1,1,1
0,0,1
0,0,1
1,1,1
0,0,1
0,0,1
0,0,1
1,1,1
0,0,1
0,0,1
1,1,1
0,0,1
1,1,1
0,0,1
0,0,1
0,0,1
0,0,1
0,0,1
0,0,1
0,0,1
1,1,1
0,0,1
0,0,1
0,0,1
0,0,1
1,1,1
1,1,1
0,0,1
0,0,1
0,0,1
0,0,1
0,0,1
1,1,1
0,0,1
1,1,1
0,0,1
0,0,1
0,0,1
1,1,1
1,1,1
0,0,1
1,1,1
1,1,1
0,0,1
0,0,1
0,0,1
0,0,1
0,0,1
1,1,1
1,1,1
1,1,1
0,0,1
1,1,1
0,0,1
0,0,1
0,0,1
0,0,1
0,0,1
0,0,1
1,1,1
0,0,1
0,0,1
1,1,1
1,1,1
0,0,1
1,1,1
0,0,1
0,0,1
0,0,1
0,0,1
0,0,1
0,0,1
0,0,1
1,1,1
0,0,1
0,0,1
1,1,1
1,1,1
0,0,1
0,0,1
1,1,1
0,0,1
0,0,1
0,0,1
1,1,1
1,1,1
1,1,1
0,0,1
0,0,1
0,0,1
0,0,1
0,0,1
1,1,1
0,0,1
0,0,1
0,0,1
0,0,1
0,0,1
1,1,1
0,0,1
1,1,1
0,0,1
1,1,1
1,1,1
0,0,1
1,1,1
0,0,1
1,1,1
0,0,1
0,0,1
0,0,1
0,0,1
1,1,1
1,1,1
0,0,1
0,0,1
0,0,1
1,1,1
0,0,1
0,0,1
0,0,1
1,1,1
0,0,1
1,1,1
0,0,1
0,0,1
0,0,1
0,0,1
0,0,1
0,0,1
1,1,1
1,1,1
0,0,1
0,0,1
0,0,1
0,0,1
1,1,1
1,1,1
1,1,1
1,1,1
0,0,1
1,1,1
0,0,1
0,0,1
1,1,1
0,0,1
1,1,1
1,0,0
0,0,1
1,1,1
1,1,1
0,0,1
0,0,1
1,1,1
1,1,1
1,0,0
0,0,1
0,0,1
0,0,1
1,1,1
1,1,1
0,0,1
1,1,1
0,0,1
0,0,1
1,1,1
1,1,1
1,1,1
1,1,1
1,1,1
1,1,1
0,0,1
0,0,1
0,0,1
1,1,1
0,0,1
1,1,1
0,0,1
0,0,1
1,1,1
1,1,1
0,0,1
1,1,1
0,0,1
1,1,1
0,0,1
0,0,1
0,0,1
1,1,1
0,0,1
1,1,1
0,0,1
1,1,1
0,0,1
1,1,1
0,0,1
0,0,1
0,0,1
1,1,1
0,0,1
0,0,1
0,0,1
1,1,1
1,1,1
0,0,1
0,0,1
1,1,1
0,0,1
1,1,1
1,1,1
1,1,1
0,0,1
0,0,1
1,1,1
0,0,1
0,0,1
0,0,1
0,0,1
1,1,1
0,0,1
0,0,1
1,1,1
0,0,1
0,0,1
0,0,1
0,0,1
1,1,1
0,0,1
1,1,1
0,0,1
1,1,1
1,1,1
0,0,1
1,1,1
1,1,1
0,0,1
0,0,1
0,0,1
1,1,1
1,1,1
0,0,1
0,0,1
1,1,1
0,0,1
0,0,1
0,0,1
1,1,1
0,0,1
0,0,1
1,1,1
0,0,1
0,0,1
0,0,1
0,0,1
1,1,1
0,0,1
1,0,0
0,0,1
0,0,1
1,1,1
1,1,1
1,1,1
0,0,1
0,0,1
0,0,1
1,1,1
0,0,1
0,0,1
0,0,1
0,0,1
0,0,1
1,1,1
0,0,1
0,0,1
0,0,1
0,0,1
1,0,0
1,1,1
0,0,1
0,0,1
0,0,1
1,1,1
0,0,1
0,0,1
1,1,1
0,0,1
1,1,1
0,0,1
0,0,1
1,1,1
1,1,1
0,0,1
1,1,1
1,1,1
0,0,1
0,0,1
1,1,1
0,0,1
0,0,1
0,0,1
0,0,1
0,0,1
0,0,1
0,0,1
0,0,1
1,1,1
0,0,1
1,1,1
0,0,1
1,1,1
1,1,1
1,1,1
0,0,1
0,0,1
0,0,1
0,0,1
0,0,1
0,0,1
1,1,1
0,0,1
0,0,1
1,0,0
0,0,1
0,0,1
0,0,1
0,0,1
0,0,1
0,0,1
0,0,1
1,1,1
0,0,1
1,1,1
1,1,1
1,1,1
1,1,1
0,0,1
0,0,1
0,0,1
1,1,1
1,1,1
0,0,1
1,1,1
1,1,1
1,1,1
0,0,1
0,0,1
0,0,1
0,0,1
0,0,1
1,1,1
1,1,1
1,1,1
0,0,1
0,0,1
0,0,1
0,0,1
1,1,1
0,0,1
0,0,1
0,0,1
1,1,1
1,1,1
0,0,1
1,1,1
1,1,1
0,0,1
0,0,1
1,1,1
1,1,1
0,0,1
0,0,1
0,0,1
0,0,1
1,0,0
0,0,1
0,0,1
1,1,1
0,0,1
1,1,1
0,0,1
0,0,1
0,0,1
0,0,1
0,0,1
0,0,1
1,1,1
0,0,1
0,0,1
0,0,1
0,0,1
0,0,1
0,0,1
0,0,1
0,0,1
1,1,1
0,0,1
1,1,1
1,1,1
0,0,1
0,0,1
0,0,1
0,0,1
0,0,1
1,1,1
0,0,1
1,1,1
1,1,1
0,0,1
0,0,1
0,0,1
1,1,1
1,1,1
0,0,1
0,0,1
1,1,1
0,0,1
0,0,1
0,0,1
0,0,1
0,0,1
1,1,1
0,0,1
1,1,1
0,0,1
1,1,1
1,1,1
0,0,1
1,1,1
1,1,1
0,0,1
0,0,1
0,0,1
0,0,1
0,0,1
0,0,1
1,1,1
0,0,1
0,0,1
0,0,1
1,1,1
1,1,1
0,0,1
1,1,1
0,0,1
0,0,1
0,0,1
0,0,1
1,1,1
1,1,1
1,1,1
1,1,1
0,0,1
0,0,1
1,1,1
0,0,1
0,0,1
1,1,1
0,0,1
0,0,1
0,0,1
1,1,1
0,0,1
0,0,1
0,0,1
0,0,1
0,0,1
0,0,1
0,0,1
0,0,1
1,1,1
1,0,0
1,1,1
0,0,1
0,0,1
0,0,1
0,0,1
0,0,1
0,0,1
0,0,1
1,1,1
1,1,1
0,0,1
0,0,1
1,1,1
1,1,1
1,1,1
0,0,1
0,0,1
1,1,1
0,0,1
0,0,1
1,1,1
0,0,1
1,1,1
0,0,1
1,1,1
1,1,1
0,0,1
0,0,1
0,0,1
0,0,1
0,0,1
0,0,1
0,0,1
1,1,1
1,1,1
0,0,1
0,0,1
0,0,1
0,0,1
0,0,1
0,0,1
1,1,1
0,0,1
0,0,1
0,0,1
0,0,1
0,0,1
1,1,1
0,0,1
0,0,1
0,0,1
1,1,1
1,1,1
0,0,1
0,0,1
0,0,1
0,0,1
0,0,1
1,1,1
0,0,1
1,1,1
1,1,1
0,0,1
0,0,1
0,0,1
0,0,1
1,1,1
0,0,1
1,1,1
1,1,1
0,0,1
0,0,1
1,1,1
0,0,1
1,1,1
0,0,1
0,0,1
0,0,1
1,1,1
1,0,0
0,0,1
0,0,1
0,0,1
1,1,1
1,1,1
0,0,1
0,0,1
0,0,1
0,0,1
0,0,1
0,0,1
0,0,1
1,1,1
0,0,1
1,1,1
0,0,1
1,1,1
0,0,1
0,0,1
0,0,1
0,0,1
1,1,1
0,0,1
0,0,1
1,1,1
0,0,1
0,0,1
1,1,1
0,0,1
1,1,1
1,1,1
1,1,1
1,1,1
1,1,1
0,0,1
0,0,1
0,0,1
0,0,1
0,0,1
0,0,1
0,0,1
1,1,1
0,0,1
1,1,1
1,1,1
1,1,1
1,1,1
1,1,1
0,0,1
0,0,1
0,0,1
0,0,1
1,1,1
1,1,1
0,0,1
0,0,1
0,0,1
1,1,1
1,1,1
1,1,1
0,0,1
0,0,1
1,1,1
1,1,1
0,0,1
0,0,1
1,1,1
0,0,1
0,0,1
0,0,1
1,1,1
1,1,1
0,0,1
1,1,1
0,0,1
0,0,1
0,0,1
0,0,1
0,0,1
1,1,1
0,0,1
1,1,1
1,1,1
0,0,1
1,1,1
0,0,1
1,1,1
0,0,1
0,0,1
0,0,1
1,1,1
1,1,1
1,1,1
0,0,1
0,0,1
0,0,1
0,0,1
1,1,1
0,0,1
0,0,1
0,0,1
0,0,1
0,0,1
1,1,1
1,1,1
0,0,1
0,0,1
0,0,1
1,1,1
0,0,1
0,0,1
0,0,1
0,0,1
0,0,1
0,0,1
1,1,1
1,1,1
1,1,1
0,0,1
0,0,1
1,1,1
0,0,1
1,1,1
0,0,1
0,0,1
1,1,1
0,0,1
1,1,1
0,0,1
0,0,1
1,1,1
0,0,1
0,0,1
1,1,1
0,0,1
0,0,1
0,0,1
0,0,1
1,1,1
1,1,1
1,1,1
0,0,1
0,0,1
0,0,1
1,1,1
1,0,0
0,0,1
0,0,1
0,0,1
0,0,1
1,1,1
0,0,1
1,1,1
0,0,1
0,0,1
1,1,1
0,0,1
1,1,1
1,1,1
0,0,1
1,1,1
1,1,1
1,1,1
0,0,1
0,0,1
0,0,1
0,0,1
1,1,1
0,0,1
0,0,1
1,1,1
0,0,1
0,0,1
0,0,1
0,0,1
0,0,1
0,0,1
0,0,1
1,1,1
1,1,1
0,0,1
1,1,1
1,1,1
0,0,1
0,0,1
0,0,1
0,0,1
1,1,1
0,0,1
0,0,1
0,0,1
0,0,1
0,0,1
0,0,1
1,1,1
0,0,1
0,0,1
1,1,1
1,1,1
0,0,1
0,0,1
0,0,1
1,1,1
0,0,1
0,0,1
0,0,1
1,1,1
0,0,1
0,0,1
1,1,1
0,0,1
0,0,1
0,0,1
0,0,1
0,0,1
1,1,1
0,0,1
0,0,1
1,1,1
0,0,1
0,0,1
1,0,0
0,0,1
0,0,1
1,1,1
0,0,1
0,0,1
1,1,1
1,1,1
0,0,1
0,0,1
0,0,1
1,0,0
0,0,1
0,0,1
0,0,1
1,1,1
1,1,1
1,1,1
0,0,1
0,0,1
1,1,1
0,0,1
1,1,1
0,0,1
0,0,1
0,0,1
0,0,1
0,0,1
1,1,1
1,1,1
0,0,1
1,1,1
1,1,1
1,1,1
0,0,1
0,0,1
1,1,1
0,0,1
1,1,1
0,0,1
1,1,1
0,0,1
0,0,1
0,0,1
0,0,1
0,0,1
1,1,1
0,0,1
0,0,1
0,0,1
0,0,1
1,0,0
0,0,1
1,1,1
1,1,1
0,0,1
0,0,1
0,0,1
1,1,1
0,0,1
0,0,1
0,0,1
0,0,1
0,0,1
1,1,1
0,0,1
0,0,1
0,0,1
0,0,1
0,0,1
1,1,1
0,0,1
0,0,1
0,0,1
1,1,1
1,1,1
0,0,1
0,0,1
0,0,1
1,1,1
1,1,1
0,0,1
1,1,1
0,0,1
0,0,1
1,1,1
0,0,1
0,0,1
1,1,1
0,0,1
0,0,1
0,0,1
0,0,1
0,0,1
0,0,1
0,0,1
0,0,1
1,1,1
1,1,1
1,1,1
0,0,1
1,1,1
0,0,1
0,0,1
1,1,1
1,1,1
1,1,1
0,0,1
0,0,1
1,1,1
0,0,1
1,1,1
1,1,1
1,1,1
0,0,1
1,1,1
0,0,1
0,0,1
0,0,1
0,0,1
0,0,1
0,0,1
0,0,1
1,1,1
1,1,1
0,0,1
1,1,1
0,0,1
0,0,1
0,0,1
1,1,1
1,1,1
0,0,1
0,0,1
0,0,1
1,1,1
1,1,1
0,0,1
0,0,1
0,0,1
0,0,1
0,0,1
0,0,1
0,0,1
1,1,1
0,0,1
1,0,0
0,0,1
1,1,1
0,0,1
1,1,1
1,1,1
0,0,1
1,1,1
0,0,1
1,0,0
1,1,1
0,0,1
0,0,1
0,0,1
1,1,1
0,0,1
0,0,1
0,0,1
1,1,1
1,1,1
1,1,1
1,0,0
0,0,1
1,1,1
1,1,1
0,0,1
0,0,1
1,1,1
0,0,1
0,0,1
1,1,1
1,1,1
0,0,1
0,0,1
1,1,1
1,1,1
0,0,1
0,0,1
1,1,1
1,1,1
1,1,1
1,1,1
0,0,1
1,1,1
1,1,1
0,0,1
1,1,1
0,0,1
0,0,1
1,1,1
0,0,1
1,1,1
0,0,1
1,1,1
0,0,1
0,0,1
0,0,1
1,1,1
0,0,1
1,1,1
1,1,1
1,1,1
0,0,1
0,0,1
0,0,1
0,0,1
1,1,1
0,0,1
1,1,1
1,1,1
1,1,1
0,0,1
0,0,1
0,0,1
0,0,1
1,1,1
0,0,1
1,1,1
1,1,1
1,1,1
1,1,1
0,0,1
0,0,1
1,1,1
1,1,1
1,1,1
0,0,1
1,1,1
0,0,1
1,1,1
0,0,1
1,1,1
0,0,1
0,0,1
0,0,1
1,1,1
1,1,1
0,0,1
0,0,1
0,0,1
1,1,1
1,1,1
0,0,1
0,0,1
0,0,1
0,0,1
0,0,1
0,0,1
1,1,1
1,1,1
1,1,1
0,0,1
1,1,1
1,1,1
0,0,1
1,1,1
0,0,1
0,0,1
0,0,1
1,1,1
0,0,1
1,1,1
0,0,1
0,0,1
0,0,1
1,0,0
1,1,1
0,0,1
1,1,1
0,0,1
1,1,1
0,0,1
0,0,1
0,0,1
1,1,1
1,1,1
0,0,1
0,0,1
0,0,1
1,1,1
1,1,1
0,0,1
0,0,1
0,0,1
0,0,1
1,1,1
1,1,1
0,0,1
0,0,1
1,1,1
0,0,1
0,0,1
0,0,1
0,0,1
1,1,1
1,1,1
1,1,1
1,1,1
1,1,1
0,0,1
1,1,1
1,1,1
0,0,1
0,0,1
0,0,1
1,1,1
0,0,1
0,0,1
0,0,1
0,0,1
1,1,1
0,0,1
0,0,1
0,0,1
0,0,1
1,1,1
1,1,1
0,0,1
1,1,1
1,1,1
0,0,1
1,1,1
1,1,1
1,1,1
1,0,0
0,0,1
1,1,1
0,0,1
1,0,0
0,0,1
0,0,1
0,0,1
0,0,1
1,1,1
0,0,1
0,0,1
0,0,1
1,1,1
1,1,1
0,0,1
0,0,1
0,0,1
0,0,1
0,0,1
1,1,1
0,0,1
1,1,1
0,0,1
1,1,1
1,1,1
0,0,1
1,1,1
1,1,1
0,0,1
0,0,1
1,1,1
0,0,1
1,1,1
1,1,1
1,1,1
0,0,1
1,0,0
0,0,1
1,1,1
0,0,1
1,1,1
0,0,1
0,0,1
0,0,1
0,0,1
0,0,1
0,0,1
1,1,1
0,0,1
1,1,1
1,1,1
1,1,1
0,0,1
0,0,1
1,1,1
1,1,1
0,0,1
0,0,1
1,1,1
0,0,1
1,1,1
0,0,1
0,0,1
0,0,1
0,0,1
1,1,1
1,1,1
0,0,1
0,0,1
0,0,1
0,0,1
1,1,1
1,1,1
0,0,1
0,0,1
0,0,1
0,0,1
1,1,1
1,1,1
0,0,1
1,1,1
1,1,1
0,0,1
0,0,1
0,0,1
1,1,1
0,0,1
1,1,1
1,1,1
0,0,1
1,1,1
1,0,0
1,1,1
0,0,1
1,1,1
1,1,1
0,0,1
0,0,1
0,0,1
1,1,1
0,0,1
1,1,1
1,1,1
0,0,1
1,0,0
0,0,1
0,0,1
1,1,1
1,1,1
0,0,1
0,0,1
0,0,1
0,0,1
1,1,1
1,1,1
1,1,1
1,1,1
1,1,1
0,0,1
0,0,1
0,0,1
0,0,1
0,0,1
0,0,1
1,1,1
0,0,1
0,0,1
1,1,1
0,0,1
0,0,1
1,1,1
0,0,1
0,0,1
1,1,1
1,1,1
1,1,1
1,0,0
1,1,1
0,0,1
1,1,1
1,1,1
0,0,1
0,0,1
0,0,1
1,1,1
0,0,1
0,0,1
0,0,1
0,0,1
0,0,1
1,1,1
1,1,1
1,1,1
0,0,1
1,1,1
0,0,1
0,0,1
1,1,1
0,0,1
0,0,1
1,1,1
0,0,1
1,1,1
1,1,1
1,1,1
1,1,1
1,1,1
1,1,1
0,0,1
0,0,1
1,1,1
0,0,1
0,0,1
0,0,1
1,1,1
0,0,1
0,0,1
1,1,1
0,0,1
1,1,1
1,1,1
0,0,1
1,1,1
1,1,1
1,1,1
0,0,1
0,0,1
1,1,1
1,1,1
1,1,1
0,0,1
0,0,1
0,0,1
1,0,0
1,0,0
1,1,1
1,1,1
0,0,1
1,1,1
1,1,1
1,1,1
0,0,1
1,1,1
0,0,1
0,0,1
0,0,1
0,0,1
0,0,1
0,0,1
0,0,1
0,0,1
0,0,1
0,0,1
0,0,1
0,0,1
0,0,1
0,0,1
0,0,1
1,1,1
0,0,1
1,1,1
1,0,0
1,1,1
1,1,1
0,0,1
0,0,1
1,1,1
0,0,1
0,0,1
0,0,1
1,1,1
0,0,1
1,1,1
1,1,1
1,1,1
0,0,1
1,1,1
0,0,1
0,0,1
1,1,1
1,1,1
0,0,1
1,0,0
1,1,1
1,1,1
1,1,1
0,0,1
0,0,1
0,0,1
0,0,1
0,0,1
1,1,1
0,0,1
1,1,1
1,1,1
0,0,1
1,1,1
1,1,1
1,1,1
1,1,1
1,1,1
1,1,1
1,1,1
0,0,1
1,1,1
1,1,1
0,0,1
1,1,1
1,1,1
0,0,1
0,0,1
0,0,1
0,0,1
1,1,1
0,0,1
1,1,1
0,0,1
1,1,1
1,1,1
1,1,1
1,1,1
1,1,1
1,1,1
1,1,1
0,0,1
0,0,1
0,0,1
